-- phpMyAdmin SQL Dump
-- version 5.2.1
-- https://www.phpmyadmin.net/
--
-- Host: 127.0.0.1
-- Generation Time: Apr 21, 2024 at 07:52 AM
-- Server version: 10.4.32-MariaDB
-- PHP Version: 8.0.30

SET SQL_MODE = "NO_AUTO_VALUE_ON_ZERO";
START TRANSACTION;
SET time_zone = "+00:00";


/*!40101 SET @OLD_CHARACTER_SET_CLIENT=@@CHARACTER_SET_CLIENT */;
/*!40101 SET @OLD_CHARACTER_SET_RESULTS=@@CHARACTER_SET_RESULTS */;
/*!40101 SET @OLD_COLLATION_CONNECTION=@@COLLATION_CONNECTION */;
/*!40101 SET NAMES utf8mb4 */;

--
-- Database: `school_system`
--

-- --------------------------------------------------------

--
-- Table structure for table `admin`
--

CREATE TABLE `admin` (
  `id` int(11) NOT NULL,
  `people_id` int(11) NOT NULL,
  `salary` decimal(10,2) DEFAULT NULL,
  `employment_type` varchar(100) DEFAULT NULL,
  `working_hours` int(11) DEFAULT NULL
) ENGINE=InnoDB DEFAULT CHARSET=utf8mb4 COLLATE=utf8mb4_general_ci;

--
-- Dumping data for table `admin`
--

INSERT INTO `admin` (`id`, `people_id`, `salary`, `employment_type`, `working_hours`) VALUES
(1, 1, 44888.43, 'Part-time', 29),
(2, 3, 39199.61, 'Full-time', 22),
(3, 10, 39978.72, 'Full-time', 36),
(4, 14, 57996.73, 'Full-time', 29),
(5, 15, 54988.49, 'Part-time', 33),
(6, 17, 55867.84, 'Full-time', 40),
(7, 22, 39086.20, 'Full-time', 21),
(8, 25, 40204.07, 'Part-time', 26),
(9, 28, 50287.90, 'Full-time', 32),
(10, 30, 40521.21, 'Full-time', 33),
(11, 33, 53077.50, 'Part-time', 21),
(12, 41, 45916.88, 'Part-time', 24),
(13, 42, 52589.22, 'Part-time', 40),
(14, 43, 33474.78, 'Part-time', 26),
(15, 44, 39303.72, 'Part-time', 22),
(16, 46, 44218.02, 'Full-time', 29),
(17, 61, 55977.57, 'Full-time', 37),
(18, 69, 44851.96, 'Part-time', 28),
(19, 72, 55133.18, 'Full-time', 36),
(20, 73, 42287.52, 'Full-time', 27),
(21, 77, 56602.98, 'Full-time', 32),
(22, 78, 30414.37, 'Full-time', 20),
(23, 81, 56217.59, 'Full-time', 33),
(24, 82, 48763.17, 'Part-time', 31),
(25, 83, 48907.13, 'Part-time', 25),
(26, 84, 57862.99, 'Full-time', 34),
(27, 89, 43083.09, 'Full-time', 30),
(28, 90, 45166.05, 'Part-time', 33),
(29, 92, 31205.57, 'Full-time', 37),
(30, 96, 51781.92, 'Full-time', 21),
(31, 97, 41349.80, 'Full-time', 25),
(32, 99, 30156.99, 'Full-time', 34),
(33, 101, 58863.98, 'Full-time', 25),
(34, 107, 45494.63, 'Full-time', 37),
(35, 110, 40671.27, 'Full-time', 20),
(36, 111, 42510.79, 'Part-time', 28),
(37, 113, 39300.62, 'Part-time', 27),
(38, 115, 37891.96, 'Full-time', 28),
(39, 119, 38082.35, 'Full-time', 29),
(40, 120, 55726.36, 'Part-time', 32),
(41, 123, 58662.01, 'Full-time', 37),
(42, 126, 45604.23, 'Part-time', 22),
(43, 127, 40803.58, 'Part-time', 25),
(44, 131, 59642.26, 'Full-time', 31),
(45, 137, 32239.80, 'Full-time', 35),
(46, 139, 47360.00, 'Part-time', 34),
(47, 140, 33539.11, 'Part-time', 35),
(48, 143, 35570.59, 'Full-time', 35),
(49, 147, 30621.80, 'Full-time', 21),
(50, 151, 45079.78, 'Full-time', 23),
(51, 152, 56323.66, 'Full-time', 33),
(52, 153, 58621.88, 'Full-time', 39),
(53, 155, 59554.15, 'Part-time', 32),
(54, 161, 51753.54, 'Full-time', 34),
(55, 163, 44056.44, 'Part-time', 39),
(56, 165, 34760.36, 'Full-time', 37),
(57, 173, 48847.14, 'Part-time', 31),
(58, 177, 32172.99, 'Part-time', 35),
(59, 180, 48101.66, 'Part-time', 28),
(60, 182, 57703.53, 'Full-time', 39),
(61, 184, 39894.91, 'Full-time', 24),
(62, 192, 44579.79, 'Full-time', 20),
(63, 193, 57689.09, 'Full-time', 30),
(64, 194, 53848.31, 'Part-time', 25),
(65, 196, 48844.67, 'Full-time', 29),
(66, 199, 43389.42, 'Full-time', 31),
(67, 200, 52820.51, 'Full-time', 28),
(68, 203, 53172.83, 'Full-time', 20),
(69, 206, 32153.91, 'Part-time', 37),
(70, 208, 50928.42, 'Part-time', 21),
(71, 209, 51140.61, 'Part-time', 37),
(72, 210, 45121.53, 'Part-time', 39),
(73, 211, 48859.04, 'Full-time', 36),
(74, 212, 48463.56, 'Part-time', 20),
(75, 213, 34392.99, 'Full-time', 36),
(76, 214, 41806.30, 'Part-time', 34),
(77, 215, 53929.96, 'Part-time', 29),
(78, 216, 43759.43, 'Full-time', 29),
(79, 217, 40433.36, 'Part-time', 23),
(80, 218, 58030.42, 'Full-time', 30),
(81, 219, 40168.10, 'Part-time', 37),
(82, 226, 37341.11, 'Full-time', 33),
(83, 230, 55680.27, 'Part-time', 21),
(84, 231, 41847.79, 'Full-time', 34),
(85, 234, 50568.45, 'Part-time', 20),
(86, 240, 52499.91, 'Part-time', 36),
(87, 245, 32613.69, 'Part-time', 26),
(88, 247, 58593.95, 'Full-time', 27),
(89, 248, 34491.08, 'Full-time', 33),
(90, 250, 51661.25, 'Part-time', 39),
(91, 251, 40722.21, 'Part-time', 25),
(92, 259, 34021.37, 'Part-time', 23),
(93, 264, 53487.12, 'Full-time', 35),
(94, 266, 57763.47, 'Part-time', 39),
(95, 270, 59104.62, 'Full-time', 37),
(96, 274, 31950.52, 'Full-time', 28),
(97, 276, 34413.38, 'Full-time', 24),
(98, 278, 53761.44, 'Full-time', 30),
(99, 279, 56816.63, 'Part-time', 22),
(100, 280, 56543.31, 'Part-time', 36),
(101, 282, 33105.94, 'Full-time', 25),
(102, 287, 41259.45, 'Full-time', 38),
(103, 288, 40216.48, 'Part-time', 22),
(104, 290, 59321.93, 'Part-time', 21),
(105, 292, 30140.06, 'Full-time', 25),
(106, 300, 53486.19, 'Full-time', 32),
(107, 301, 31603.68, 'Part-time', 22),
(108, 303, 30998.55, 'Full-time', 29),
(109, 307, 53075.38, 'Part-time', 28),
(110, 308, 42174.23, 'Part-time', 34),
(111, 309, 37340.19, 'Full-time', 37),
(112, 314, 35220.51, 'Part-time', 29),
(113, 320, 53028.65, 'Full-time', 31),
(114, 321, 51330.78, 'Part-time', 33),
(115, 322, 54178.17, 'Full-time', 35),
(116, 324, 53117.53, 'Full-time', 28),
(117, 327, 52607.05, 'Full-time', 28),
(118, 333, 42981.38, 'Full-time', 22),
(119, 334, 50059.38, 'Full-time', 31),
(120, 335, 44000.66, 'Full-time', 33),
(121, 336, 35084.11, 'Full-time', 34),
(122, 339, 31970.44, 'Part-time', 28),
(123, 342, 36910.35, 'Full-time', 37),
(124, 343, 30461.70, 'Part-time', 36),
(125, 348, 51352.81, 'Part-time', 26),
(126, 351, 49259.94, 'Full-time', 25),
(127, 354, 32210.90, 'Full-time', 21),
(128, 355, 54820.82, 'Part-time', 33),
(129, 358, 50740.22, 'Part-time', 28),
(130, 360, 51836.17, 'Full-time', 29),
(131, 362, 35211.76, 'Part-time', 28),
(132, 363, 56917.10, 'Full-time', 39),
(133, 367, 54265.04, 'Full-time', 32),
(134, 371, 59946.38, 'Part-time', 29),
(135, 373, 52959.41, 'Part-time', 38),
(136, 382, 48375.99, 'Part-time', 38),
(137, 383, 51040.03, 'Part-time', 23),
(138, 386, 37081.42, 'Full-time', 20),
(139, 388, 52662.99, 'Full-time', 32),
(140, 389, 34064.00, 'Full-time', 28),
(141, 390, 45625.63, 'Full-time', 26),
(142, 391, 39111.42, 'Part-time', 32),
(143, 394, 51173.96, 'Part-time', 32),
(144, 396, 57464.90, 'Full-time', 26),
(145, 397, 38932.28, 'Part-time', 36),
(146, 402, 39450.93, 'Part-time', 34),
(147, 403, 50037.91, 'Part-time', 37),
(148, 406, 32337.19, 'Full-time', 20),
(149, 407, 57560.60, 'Full-time', 21),
(150, 408, 35734.54, 'Full-time', 26),
(151, 409, 42913.56, 'Part-time', 24),
(152, 410, 37887.10, 'Full-time', 40),
(153, 413, 39979.56, 'Full-time', 26),
(154, 414, 43494.46, 'Full-time', 32),
(155, 420, 32031.38, 'Part-time', 30),
(156, 423, 54592.21, 'Full-time', 33),
(157, 425, 31971.56, 'Part-time', 31),
(158, 427, 34467.64, 'Part-time', 21),
(159, 434, 36397.11, 'Part-time', 20),
(160, 436, 39953.37, 'Part-time', 29),
(161, 438, 37427.87, 'Part-time', 34),
(162, 439, 36527.02, 'Part-time', 21),
(163, 442, 33425.50, 'Part-time', 24),
(164, 445, 45405.14, 'Full-time', 37),
(165, 448, 45014.03, 'Part-time', 37),
(166, 458, 36098.53, 'Full-time', 20),
(167, 463, 34393.87, 'Part-time', 28),
(168, 467, 46350.26, 'Full-time', 36),
(169, 468, 41509.58, 'Full-time', 37),
(170, 470, 46928.48, 'Part-time', 33),
(171, 472, 38221.83, 'Part-time', 29),
(172, 475, 30285.91, 'Full-time', 26),
(173, 476, 48634.02, 'Part-time', 29),
(174, 478, 56754.64, 'Part-time', 33),
(175, 480, 40178.26, 'Full-time', 22),
(176, 481, 58607.77, 'Part-time', 39),
(177, 484, 39904.93, 'Full-time', 28),
(178, 490, 37241.84, 'Full-time', 21),
(179, 491, 56895.34, 'Part-time', 34),
(180, 492, 38451.03, 'Part-time', 37),
(181, 496, 54614.08, 'Part-time', 28),
(182, 500, 46036.68, 'Part-time', 35),
(183, 511, 51528.96, 'Part-time', 21),
(184, 513, 51938.51, 'Full-time', 27),
(185, 518, 55790.99, 'Full-time', 25),
(186, 519, 45781.70, 'Part-time', 28),
(187, 520, 43645.05, 'Part-time', 36),
(188, 524, 32160.33, 'Full-time', 20),
(189, 529, 46260.41, 'Full-time', 22),
(190, 538, 38220.71, 'Full-time', 29),
(191, 543, 57114.33, 'Full-time', 24),
(192, 546, 47818.95, 'Full-time', 40),
(193, 547, 34028.69, 'Part-time', 23),
(194, 552, 39942.94, 'Full-time', 32),
(195, 554, 46940.00, 'Full-time', 23),
(196, 558, 53408.37, 'Full-time', 36),
(197, 559, 51565.75, 'Part-time', 34),
(198, 560, 53154.47, 'Full-time', 31),
(199, 567, 54206.25, 'Part-time', 31),
(200, 568, 54091.32, 'Part-time', 30),
(201, 575, 57720.54, 'Full-time', 32),
(202, 578, 38925.38, 'Part-time', 32),
(203, 580, 33494.16, 'Part-time', 35),
(204, 586, 33039.20, 'Full-time', 21),
(205, 589, 59692.71, 'Full-time', 25),
(206, 592, 39988.52, 'Full-time', 33),
(207, 595, 38842.97, 'Part-time', 24),
(208, 596, 33538.34, 'Part-time', 37),
(209, 599, 30103.62, 'Full-time', 32),
(210, 600, 39624.47, 'Full-time', 22),
(211, 604, 32065.06, 'Part-time', 25),
(212, 605, 59076.44, 'Full-time', 31),
(213, 612, 55348.47, 'Part-time', 22),
(214, 614, 52959.09, 'Full-time', 26),
(215, 623, 36441.62, 'Part-time', 34),
(216, 629, 51625.29, 'Part-time', 24),
(217, 631, 52511.02, 'Full-time', 21),
(218, 634, 52644.69, 'Part-time', 22),
(219, 635, 51563.24, 'Full-time', 24),
(220, 638, 49117.29, 'Full-time', 38),
(221, 639, 56053.62, 'Full-time', 39),
(222, 644, 32080.01, 'Full-time', 27),
(223, 645, 48245.96, 'Full-time', 28),
(224, 646, 47770.19, 'Full-time', 39),
(225, 647, 30317.15, 'Part-time', 28),
(226, 649, 50413.77, 'Full-time', 21),
(227, 650, 37659.60, 'Part-time', 20),
(228, 653, 53934.60, 'Part-time', 30),
(229, 658, 35019.00, 'Part-time', 34),
(230, 659, 39976.87, 'Part-time', 24),
(231, 663, 42713.39, 'Full-time', 24),
(232, 665, 47247.38, 'Full-time', 35),
(233, 670, 52033.15, 'Full-time', 39),
(234, 671, 33828.54, 'Part-time', 23),
(235, 680, 35952.15, 'Full-time', 27),
(236, 681, 38340.74, 'Full-time', 31),
(237, 683, 43327.61, 'Part-time', 23),
(238, 686, 47585.49, 'Part-time', 40),
(239, 690, 36994.03, 'Part-time', 25),
(240, 692, 51395.73, 'Part-time', 22),
(241, 693, 43019.50, 'Full-time', 33),
(242, 696, 47767.02, 'Part-time', 28),
(243, 699, 57833.31, 'Part-time', 36),
(244, 701, 33943.14, 'Full-time', 21),
(245, 712, 45261.37, 'Part-time', 26),
(246, 715, 58132.84, 'Full-time', 40),
(247, 723, 31002.15, 'Part-time', 25),
(248, 727, 41397.33, 'Part-time', 20),
(249, 728, 43069.81, 'Part-time', 21),
(250, 729, 44918.05, 'Part-time', 35),
(251, 730, 46591.74, 'Part-time', 24),
(252, 733, 57574.05, 'Part-time', 32),
(253, 735, 48083.72, 'Part-time', 40),
(254, 741, 38148.27, 'Part-time', 35),
(255, 742, 43864.88, 'Part-time', 35),
(256, 743, 57084.28, 'Full-time', 36),
(257, 744, 38317.14, 'Full-time', 25),
(258, 745, 44507.84, 'Full-time', 23),
(259, 747, 36498.03, 'Part-time', 39),
(260, 752, 49368.56, 'Part-time', 22),
(261, 753, 56933.10, 'Full-time', 25),
(262, 761, 43371.92, 'Part-time', 38),
(263, 762, 50338.06, 'Full-time', 25),
(264, 763, 42149.56, 'Full-time', 23),
(265, 764, 30186.92, 'Full-time', 30),
(266, 765, 45193.05, 'Part-time', 28),
(267, 768, 42410.76, 'Part-time', 32),
(268, 770, 32555.31, 'Part-time', 29),
(269, 772, 53117.28, 'Full-time', 27),
(270, 773, 55535.01, 'Full-time', 32),
(271, 774, 45734.07, 'Full-time', 39),
(272, 776, 33335.88, 'Part-time', 35),
(273, 777, 39271.72, 'Full-time', 36),
(274, 784, 46739.40, 'Part-time', 35),
(275, 787, 31087.06, 'Full-time', 21),
(276, 788, 59449.20, 'Full-time', 24),
(277, 791, 31410.63, 'Full-time', 38),
(278, 792, 36902.49, 'Full-time', 34),
(279, 796, 46266.75, 'Full-time', 39),
(280, 797, 34043.46, 'Full-time', 23),
(281, 802, 48169.27, 'Full-time', 23),
(282, 806, 52980.81, 'Part-time', 30),
(283, 807, 37505.94, 'Full-time', 40),
(284, 810, 42362.75, 'Full-time', 36),
(285, 812, 44789.06, 'Part-time', 27),
(286, 813, 56521.81, 'Full-time', 35),
(287, 822, 52456.29, 'Part-time', 36),
(288, 824, 53125.63, 'Full-time', 34),
(289, 830, 30802.29, 'Full-time', 29),
(290, 831, 45070.29, 'Part-time', 21),
(291, 832, 50354.81, 'Part-time', 32),
(292, 835, 50882.02, 'Part-time', 28),
(293, 839, 38863.98, 'Full-time', 40),
(294, 841, 33227.56, 'Part-time', 29),
(295, 842, 31281.57, 'Full-time', 28),
(296, 848, 59976.93, 'Part-time', 28),
(297, 849, 59297.21, 'Full-time', 26),
(298, 851, 39562.89, 'Part-time', 20),
(299, 852, 46955.05, 'Full-time', 35),
(300, 853, 54633.34, 'Part-time', 36),
(301, 855, 46711.75, 'Full-time', 22),
(302, 859, 59493.64, 'Full-time', 25),
(303, 864, 51957.34, 'Part-time', 27),
(304, 868, 46358.50, 'Part-time', 25),
(305, 869, 31807.98, 'Full-time', 20),
(306, 870, 51043.01, 'Part-time', 20),
(307, 873, 53871.00, 'Part-time', 29),
(308, 874, 30900.47, 'Full-time', 32),
(309, 877, 57222.13, 'Full-time', 35),
(310, 879, 38243.01, 'Part-time', 31),
(311, 880, 34493.55, 'Part-time', 26),
(312, 881, 33715.76, 'Part-time', 26),
(313, 882, 38668.68, 'Full-time', 28),
(314, 883, 41544.24, 'Full-time', 35),
(315, 891, 41166.33, 'Full-time', 39),
(316, 892, 40022.55, 'Full-time', 25),
(317, 894, 46809.93, 'Part-time', 30),
(318, 895, 38659.98, 'Part-time', 33),
(319, 896, 59445.74, 'Part-time', 25),
(320, 899, 41528.55, 'Part-time', 23),
(321, 904, 57171.45, 'Full-time', 21),
(322, 905, 43850.53, 'Full-time', 21),
(323, 906, 31576.67, 'Full-time', 21),
(324, 913, 30722.75, 'Full-time', 24),
(325, 918, 32540.30, 'Part-time', 35),
(326, 922, 37050.60, 'Full-time', 34),
(327, 927, 34043.52, 'Part-time', 37),
(328, 928, 44452.91, 'Full-time', 32),
(329, 931, 55409.18, 'Full-time', 25),
(330, 938, 53679.51, 'Full-time', 40),
(331, 941, 55644.00, 'Part-time', 26),
(332, 943, 46590.16, 'Part-time', 34),
(333, 944, 52351.71, 'Part-time', 30),
(334, 945, 43461.84, 'Part-time', 22),
(335, 948, 32215.50, 'Part-time', 33),
(336, 953, 30790.23, 'Part-time', 21),
(337, 954, 39636.43, 'Part-time', 23),
(338, 955, 55459.30, 'Part-time', 28),
(339, 956, 49293.18, 'Full-time', 21),
(340, 963, 32497.05, 'Part-time', 39),
(341, 964, 53063.06, 'Full-time', 39),
(342, 965, 58321.18, 'Part-time', 23),
(343, 971, 56704.79, 'Full-time', 23),
(344, 973, 44141.11, 'Part-time', 29),
(345, 978, 32281.71, 'Full-time', 28),
(346, 979, 59873.10, 'Full-time', 29),
(347, 983, 41843.98, 'Part-time', 21),
(348, 986, 51784.42, 'Part-time', 26),
(349, 990, 45887.70, 'Full-time', 30),
(350, 991, 36027.79, 'Full-time', 24),
(351, 993, 50275.93, 'Full-time', 22),
(352, 999, 49708.90, 'Part-time', 38);

-- --------------------------------------------------------

--
-- Table structure for table `people`
--

CREATE TABLE `people` (
  `people_id` int(11) NOT NULL,
  `name` varchar(255) NOT NULL,
  `phone` varchar(15) DEFAULT NULL,
  `email` varchar(255) DEFAULT NULL,
  `role` varchar(50) DEFAULT NULL
) ENGINE=InnoDB DEFAULT CHARSET=utf8mb4 COLLATE=utf8mb4_general_ci;

--
-- Dumping data for table `people`
--

INSERT INTO `people` (`people_id`, `name`, `phone`, `email`, `role`) VALUES
(1, 'Cheryl Reed', '237-786-5592', 'andrewwilliams@example.com', 'admin'),
(2, 'Justin Perkins', '432-127-3497', 'rogerskimberly@example.org', 'teacher'),
(3, 'Virginia Hooper', '613-618-3979', 'kgill@example.org', 'admin'),
(4, 'Diana Levy', '920-924-7320', 'davenportdana@example.org', 'teacher'),
(5, 'Sean Morgan', '217-731-6223', 'ellisnoah@example.net', 'teacher'),
(6, 'Kristin Garcia', '529-957-5307', 'yulisa@example.net', 'student'),
(7, 'Christopher Gonzalez', '833-837-9760', 'paul26@example.org', 'teacher'),
(8, 'Randy Greene', '523-437-5522', 'michellestone@example.com', 'teacher'),
(9, 'Jonathan Brown', '442-268-1358', 'carol65@example.com', 'student'),
(10, 'Amy Scott', '107-274-6202', 'hickscassidy@example.org', 'admin'),
(11, 'Samantha Powers', '131-176-7315', 'saundersraymond@example.com', 'teacher'),
(12, 'Sherry Jefferson', '698-285-2657', 'wrighttabitha@example.com', 'student'),
(13, 'William Fisher', '307-697-5721', 'jamesryan@example.net', 'teacher'),
(14, 'Jeremy Farmer', '144-942-7101', 'angela81@example.net', 'admin'),
(15, 'Katie Morrow', '815-495-3635', 'williamsstephanie@example.org', 'admin'),
(16, 'James Howard', '854-568-4190', 'martingeoffrey@example.net', 'student'),
(17, 'Frank Williams', '778-782-4590', 'bobbyjordan@example.com', 'admin'),
(18, 'Thomas Hall', '307-323-7208', 'kimberly86@example.org', 'teacher'),
(19, 'Cody Thompson', '833-660-5290', 'rosesteven@example.org', 'teacher'),
(20, 'Stephanie Murray', '393-139-3192', 'williewalker@example.com', 'teacher'),
(21, 'Larry Vang', '844-143-6436', 'jeffrey00@example.net', 'student'),
(22, 'Willie Mason', '476-537-3403', 'sshort@example.com', 'admin'),
(23, 'Edward Singh', '709-843-1443', 'wallacesteve@example.net', 'student'),
(24, 'Dana Ward', '371-177-2748', 'flewis@example.org', 'student'),
(25, 'Tina Anderson', '380-736-5591', 'htran@example.com', 'admin'),
(26, 'Laura Russell', '985-490-6134', 'harringtontimothy@example.org', 'teacher'),
(27, 'Ann Griffith', '598-371-2717', 'psnow@example.com', 'teacher'),
(28, 'Laura Tanner', '329-959-9534', 'beckyhenderson@example.org', 'admin'),
(29, 'James Allen', '518-733-7708', 'edwardsderrick@example.org', 'student'),
(30, 'David Thompson', '213-455-6142', 'allenjacob@example.com', 'admin'),
(31, 'Kenneth Pitts', '668-848-3606', 'kyle13@example.com', 'student'),
(32, 'Jennifer Baker', '602-886-2882', 'kristinagarza@example.com', 'student'),
(33, 'Wendy Bryan', '650-188-6492', 'zcohen@example.org', 'admin'),
(34, 'James Henderson', '868-113-7583', 'riosdeborah@example.com', 'student'),
(35, 'Kevin Morales', '916-657-1368', 'austinharris@example.net', 'teacher'),
(36, 'Rebecca Liu', '487-804-7680', 'eric14@example.net', 'student'),
(37, 'Charles Krueger', '693-762-2958', 'scottjohn@example.net', 'teacher'),
(38, 'Terri Robinson', '380-361-3788', 'davidwright@example.com', 'student'),
(39, 'Susan Smith', '113-718-5802', 'twatts@example.net', 'teacher'),
(40, 'Peter Fernandez', '843-714-8827', 'wochoa@example.org', 'teacher'),
(41, 'Benjamin Mclaughlin', '998-107-9019', 'marcus70@example.com', 'admin'),
(42, 'Kelli Rich', '303-310-8904', 'larsenemily@example.org', 'admin'),
(43, 'Robert Molina', '425-295-2018', 'jaimerojas@example.net', 'admin'),
(44, 'Allen Gay', '805-215-8386', 'benjamin68@example.org', 'admin'),
(45, 'Joseph Hunter', '245-634-7786', 'dwilliams@example.com', 'student'),
(46, 'Samantha Miller', '510-859-2150', 'kelly14@example.org', 'admin'),
(47, 'Nicole Decker', '613-699-2785', 'kimberlyreed@example.com', 'student'),
(48, 'Joseph Perry', '954-867-6426', 'zblanchard@example.com', 'student'),
(49, 'Ian Harris', '539-780-1558', 'goodmanjoseph@example.org', 'student'),
(50, 'Gregory Kaiser', '712-895-5114', 'robert54@example.net', 'student'),
(51, 'Anne Holder', '368-550-6310', 'jenniferhawkins@example.com', 'student'),
(52, 'Eric Sandoval', '482-210-5302', 'daniellehall@example.net', 'student'),
(53, 'Patricia Rodriguez', '376-482-4411', 'williamsanna@example.net', 'student'),
(54, 'Dr. Latoya Mann', '149-565-5940', 'lcole@example.net', 'student'),
(55, 'Brian Castro', '227-778-7378', 'nicolasknapp@example.org', 'student'),
(56, 'Bryan Lopez', '148-140-2037', 'sli@example.net', 'teacher'),
(57, 'Tammy Patton', '121-170-8560', 'wlester@example.com', 'teacher'),
(58, 'Frank Rogers', '661-617-3772', 'owilliams@example.net', 'student'),
(59, 'Curtis Tanner', '713-136-7186', 'rhughes@example.org', 'student'),
(60, 'Sarah Shah', '368-979-7636', 'castillojennifer@example.net', 'student'),
(61, 'Christopher Alvarez', '711-754-6879', 'matthew15@example.net', 'admin'),
(62, 'Michael Miller', '832-296-1393', 'timothy09@example.org', 'student'),
(63, 'Suzanne Robinson', '285-447-1016', 'schroederchristopher@example.com', 'student'),
(64, 'Savannah Lucas', '145-554-1375', 'ccalderon@example.net', 'student'),
(65, 'Darryl Mcguire', '415-705-7903', 'wilkinsonalex@example.com', 'teacher'),
(66, 'Dr. Walter Moore', '421-934-4896', 'aelliott@example.com', 'teacher'),
(67, 'Timothy Gross', '256-418-6034', 'patricia68@example.org', 'student'),
(68, 'Lisa Sanchez', '280-414-7131', 'susan66@example.com', 'student'),
(69, 'Paul Lopez', '736-697-6996', 'hollycooley@example.com', 'admin'),
(70, 'Lori Brown', '695-593-9243', 'paulwang@example.net', 'student'),
(71, 'Rachael Wilson', '654-783-8049', 'jessica23@example.org', 'student'),
(72, 'Victor Morse', '332-986-7802', 'martinmarcus@example.com', 'admin'),
(73, 'Isabel Strickland', '106-719-8127', 'clowery@example.net', 'admin'),
(74, 'Scott Quinn', '882-244-9066', 'wardchristopher@example.org', 'student'),
(75, 'Jason Stephenson', '726-334-2597', 'eric59@example.org', 'student'),
(76, 'Brian Odonnell', '316-675-5309', 'clarkmarc@example.net', 'teacher'),
(77, 'Matthew Perez', '340-668-1092', 'seanjohnson@example.com', 'admin'),
(78, 'Melissa Cooper', '474-168-8567', 'breannahernandez@example.net', 'admin'),
(79, 'Nicole Smith', '510-128-4410', 'katie14@example.net', 'student'),
(80, 'Christopher Brown', '239-706-3352', 'vklein@example.com', 'teacher'),
(81, 'Jessica Olsen MD', '134-523-5309', 'fergusonjames@example.net', 'admin'),
(82, 'Jack Frazier', '135-799-4870', 'wlawrence@example.net', 'admin'),
(83, 'Michael Meyers', '762-983-1861', 'rodrigueznicole@example.com', 'admin'),
(84, 'Paul Cook', '157-100-4503', 'youngadam@example.com', 'admin'),
(85, 'Christopher Williams', '855-743-7078', 'larrycoleman@example.com', 'teacher'),
(86, 'Carla Paul', '865-208-2653', 'mfisher@example.com', 'teacher'),
(87, 'Robert Warren', '818-531-6881', 'laura93@example.org', 'student'),
(88, 'Sharon Greene', '200-194-5298', 'qstone@example.org', 'student'),
(89, 'Lisa Savage', '552-485-3713', 'matthewjones@example.com', 'admin'),
(90, 'Eric Mills', '752-515-7270', 'guerrerorichard@example.org', 'admin'),
(91, 'Dawn Rodgers', '850-714-5008', 'jonessusan@example.com', 'teacher'),
(92, 'Gabriela Fritz', '555-675-6394', 'robert46@example.org', 'admin'),
(93, 'Jonathan Griffin', '412-487-9447', 'nbarry@example.org', 'student'),
(94, 'Anna Higgins', '942-545-3160', 'slambert@example.org', 'teacher'),
(95, 'Alex Tran', '851-277-4499', 'patriciajacobson@example.net', 'teacher'),
(96, 'Tasha Gregory', '853-565-7946', 'ylong@example.org', 'admin'),
(97, 'Frank Lester', '705-496-4069', 'angie61@example.org', 'admin'),
(98, 'George Coleman', '655-755-6475', 'catherinecampbell@example.org', 'teacher'),
(99, 'Kevin Holt', '849-741-5745', 'sjensen@example.net', 'admin'),
(100, 'Charles Cox', '578-129-4030', 'rmiller@example.net', 'teacher'),
(101, 'Douglas Alvarez', '291-129-9394', 'zlopez@example.net', 'admin'),
(102, 'Nicole Alvarez', '127-713-1519', 'jreeves@example.com', 'student'),
(103, 'Marissa Jones', '195-389-9267', 'rebecca87@example.com', 'student'),
(104, 'Jeffery Walton', '804-296-9109', 'bjensen@example.net', 'student'),
(105, 'April Morrison', '743-957-8085', 'uduke@example.org', 'student'),
(106, 'Kelly Watkins', '320-334-1285', 'james40@example.net', 'student'),
(107, 'Connie Bailey', '884-444-4819', 'stevenclark@example.net', 'admin'),
(108, 'Samantha Bryant', '526-470-8488', 'julierichardson@example.com', 'teacher'),
(109, 'Patricia Harris', '916-540-7023', 'ygibson@example.org', 'student'),
(110, 'Wesley Brown', '871-709-5259', 'zamorajohn@example.net', 'admin'),
(111, 'Joshua Lucas', '621-558-5522', 'emcclure@example.net', 'admin'),
(112, 'Mark Henderson', '746-289-7540', 'aaron10@example.com', 'student'),
(113, 'Tiffany Cruz', '776-525-2132', 'katherinehansen@example.net', 'admin'),
(114, 'Diane Williams', '898-530-3150', 'eric28@example.org', 'student'),
(115, 'Alexis Maynard', '910-426-3357', 'mandy27@example.net', 'admin'),
(116, 'Dr. Angel Jackson', '666-869-3166', 'blandry@example.com', 'teacher'),
(117, 'Wendy Ramos', '615-224-5398', 'joshua30@example.net', 'teacher'),
(118, 'Seth Bates', '470-329-9646', 'spencer14@example.com', 'teacher'),
(119, 'John Holmes', '347-829-4995', 'qkim@example.net', 'admin'),
(120, 'Jason Rangel', '512-881-2852', 'cummingseric@example.org', 'admin'),
(121, 'Darlene Barnett', '960-497-6411', 'cynthiatate@example.org', 'student'),
(122, 'Christina Meyer', '267-948-5588', 'nlopez@example.org', 'student'),
(123, 'Joshua Williams', '587-153-6220', 'morroweric@example.net', 'admin'),
(124, 'Robert Carr', '652-864-8559', 'tiffany98@example.com', 'student'),
(125, 'Christopher Franklin', '936-572-8665', 'clarkwalter@example.org', 'teacher'),
(126, 'Gabrielle Pearson', '654-525-8985', 'longevelyn@example.org', 'admin'),
(127, 'Tracy Wilson', '756-942-3167', 'sarah14@example.net', 'admin'),
(128, 'Lauren Martinez', '797-111-6699', 'upayne@example.com', 'student'),
(129, 'Erika Saunders', '344-390-7487', 'robinsonpaul@example.com', 'teacher'),
(130, 'Debra Costa', '295-402-8551', 'hebertalexis@example.net', 'teacher'),
(131, 'Antonio Jones', '107-769-2301', 'sbyrd@example.com', 'admin'),
(132, 'Jennifer Robertson', '750-620-3021', 'richard86@example.net', 'teacher'),
(133, 'Darrell Rogers', '538-481-8654', 'barrettkatie@example.com', 'student'),
(134, 'Michael Macias', '794-862-2561', 'ericmolina@example.net', 'teacher'),
(135, 'Elizabeth Perez', '497-505-6419', 'taylor88@example.org', 'student'),
(136, 'Patricia Rowe', '829-138-4960', 'jeffreydean@example.net', 'teacher'),
(137, 'Robert Adams', '242-309-7997', 'scottadams@example.com', 'admin'),
(138, 'David Morris', '736-177-6183', 'charleshill@example.org', 'teacher'),
(139, 'Deborah Nichols', '444-266-5615', 'cindykim@example.com', 'admin'),
(140, 'Derek Savage', '191-759-2688', 'terry06@example.net', 'admin'),
(141, 'Tammy Hawkins', '599-688-8467', 'kristophermoss@example.com', 'teacher'),
(142, 'Vickie Montes', '407-500-4441', 'lmoore@example.net', 'teacher'),
(143, 'Benjamin Woodard', '403-148-9066', 'riveratravis@example.com', 'admin'),
(144, 'Emily Wilson', '986-166-7566', 'coopervalerie@example.org', 'student'),
(145, 'Anthony Wagner', '692-849-4823', 'moonmatthew@example.net', 'teacher'),
(146, 'Samuel Reyes', '481-674-8790', 'brandonharper@example.com', 'student'),
(147, 'Sara Randolph', '775-610-8984', 'carol44@example.com', 'admin'),
(148, 'Darren Hood', '498-663-3057', 'ldavis@example.org', 'teacher'),
(149, 'Johnny Hernandez', '971-860-2502', 'olittle@example.com', 'student'),
(150, 'Christopher Hudson', '310-925-9102', 'ufry@example.net', 'student'),
(151, 'Erica Wagner', '642-745-4829', 'kelly62@example.net', 'admin'),
(152, 'Meagan Spence', '495-807-4763', 'benjaminmurphy@example.net', 'admin'),
(153, 'Elizabeth Valencia MD', '671-862-9000', 'christine70@example.com', 'admin'),
(154, 'Alex Rodriguez', '355-174-6893', 'kandrews@example.org', 'student'),
(155, 'Mark Waters', '430-471-6820', 'deborahhensley@example.org', 'admin'),
(156, 'Erica Watts', '297-827-1880', 'jaredlindsey@example.net', 'student'),
(157, 'Shannon Holt', '621-335-2592', 'zrobinson@example.org', 'student'),
(158, 'Cody Jones', '211-705-1332', 'smithdebra@example.com', 'teacher'),
(159, 'Samuel Fox', '366-158-6607', 'timothymorgan@example.com', 'student'),
(160, 'Timothy Williams', '752-179-3399', 'willie34@example.org', 'teacher'),
(161, 'Stephen Ayers', '160-550-5685', 'xmatthews@example.org', 'admin'),
(162, 'Scott Lee', '350-529-2412', 'bennettlarry@example.com', 'teacher'),
(163, 'Mario Payne', '795-855-6907', 'gallegostracy@example.net', 'admin'),
(164, 'Erin Morgan', '183-515-8461', 'phillipsbrett@example.org', 'student'),
(165, 'Mrs. Kimberly Romero MD', '174-134-9983', 'taracunningham@example.org', 'admin'),
(166, 'Meredith King', '534-370-3623', 'zmanning@example.com', 'student'),
(167, 'Julie Myers', '401-903-9162', 'malonemakayla@example.net', 'teacher'),
(168, 'Taylor Mcknight', '190-627-1579', 'james17@example.com', 'student'),
(169, 'Kevin Garrison', '236-887-1039', 'gloveramy@example.net', 'student'),
(170, 'Mrs. Brenda Pope', '118-160-3679', 'rachel74@example.org', 'student'),
(171, 'Barbara Graham', '166-429-5148', 'hmarquez@example.net', 'student'),
(172, 'Kelli Jackson DDS', '181-921-7102', 'ewarner@example.net', 'student'),
(173, 'Madison Cook', '153-940-8720', 'geralddouglas@example.com', 'admin'),
(174, 'Jacob Adams', '995-965-9872', 'dickersonaaron@example.net', 'student'),
(175, 'Raymond Walker', '611-967-8152', 'jacob25@example.com', 'student'),
(176, 'John Williams', '423-396-9392', 'joannesmith@example.com', 'teacher'),
(177, 'David Burton', '497-678-5949', 'dford@example.org', 'admin'),
(178, 'Brian Nunez', '198-624-7451', 'kiddnina@example.com', 'teacher'),
(179, 'Kelly Gray', '209-850-4620', 'jonathan86@example.org', 'teacher'),
(180, 'Johnny Poole', '364-936-4306', 'nicholecochran@example.com', 'admin'),
(181, 'Stephanie Parks', '601-635-3654', 'mfritz@example.com', 'teacher'),
(182, 'Evan Lopez', '771-323-5518', 'wilsonbrittney@example.org', 'admin'),
(183, 'Travis Mccarthy', '514-675-4529', 'angelabaker@example.com', 'student'),
(184, 'Kimberly Walters', '763-873-8763', 'xwright@example.org', 'admin'),
(185, 'Sarah Garcia', '970-286-7504', 'robynbennett@example.net', 'teacher'),
(186, 'Connie Lambert', '170-326-3242', 'danielcarey@example.net', 'student'),
(187, 'Jennifer Ray', '834-192-2356', 'jennifer93@example.net', 'student'),
(188, 'Gina Stein', '641-831-1443', 'terrijohnson@example.net', 'teacher'),
(189, 'James Holland', '837-193-6750', 'stevensangela@example.com', 'student'),
(190, 'Gloria Martin', '178-413-4253', 'stewartlisa@example.net', 'teacher'),
(191, 'Jason May', '665-746-1774', 'astafford@example.net', 'teacher'),
(192, 'Valerie Sanders', '458-838-4628', 'keith36@example.net', 'admin'),
(193, 'Dalton Norris', '864-853-3898', 'sarahturner@example.net', 'admin'),
(194, 'Jenny Campbell', '714-691-2929', 'kenneth61@example.com', 'admin'),
(195, 'Nancy Gutierrez', '790-100-3277', 'timothy53@example.com', 'student'),
(196, 'Crystal Hampton', '978-667-8917', 'onewman@example.net', 'admin'),
(197, 'Renee Kerr', '907-119-8942', 'braysarah@example.com', 'teacher'),
(198, 'Amy Roy', '949-741-9353', 'oscarfowler@example.net', 'student'),
(199, 'Lawrence Jones', '560-758-5997', 'dunlapaaron@example.org', 'admin'),
(200, 'Deborah Dodson', '730-420-7367', 'mercadoanthony@example.com', 'admin'),
(201, 'Mrs. Monica Wagner', '592-295-3795', 'cookamber@example.net', 'student'),
(202, 'Amanda Fox', '372-528-8620', 'valentinebrandon@example.net', 'student'),
(203, 'Sharon Young', '286-512-8467', 'hunterjessica@example.org', 'admin'),
(204, 'Taylor Thornton', '156-204-2889', 'kaitlyn54@example.net', 'teacher'),
(205, 'Steven Stout', '537-760-7403', 'nancythomas@example.com', 'student'),
(206, 'Jacob Gonzalez', '188-501-6542', 'masonjames@example.net', 'admin'),
(207, 'Jeremiah Reynolds', '719-426-5972', 'cgarcia@example.net', 'student'),
(208, 'Craig Chavez', '691-476-1959', 'spencerwesley@example.net', 'admin'),
(209, 'David Thomas', '632-471-6166', 'esloan@example.org', 'admin'),
(210, 'Loretta Smith', '386-510-8890', 'laura84@example.org', 'admin'),
(211, 'Daniel Petty', '424-845-2587', 'cynthia67@example.com', 'admin'),
(212, 'Andrew Ramsey', '549-681-4778', 'larrylara@example.net', 'admin'),
(213, 'George Cole', '463-178-9526', 'stephen00@example.org', 'admin'),
(214, 'Laura Juarez', '586-526-8690', 'stephanie19@example.net', 'admin'),
(215, 'Sara Moore', '867-247-6033', 'barnettkelli@example.com', 'admin'),
(216, 'Michelle Williams', '966-420-8365', 'jamiealvarado@example.com', 'admin'),
(217, 'Michelle Whitney', '397-541-9760', 'kharris@example.org', 'admin'),
(218, 'John Webb', '583-862-3712', 'jneal@example.com', 'admin'),
(219, 'Samuel Fields', '881-552-3376', 'dbennett@example.net', 'admin'),
(220, 'Carlos Benitez DDS', '324-462-6142', 'gmontes@example.org', 'student'),
(221, 'Brandon Flores', '200-977-2127', 'michael16@example.com', 'teacher'),
(222, 'Thomas Bryant', '633-760-8717', 'campbellchristopher@example.net', 'student'),
(223, 'Jamie Porter', '234-208-3529', 'johnsonthomas@example.net', 'teacher'),
(224, 'Jennifer Sanders', '182-812-9190', 'guerrasean@example.org', 'student'),
(225, 'Matthew Lynch', '513-334-3187', 'joel89@example.net', 'teacher'),
(226, 'Tina Rojas', '219-488-7095', 'john39@example.net', 'admin'),
(227, 'Jacob Gonzalez', '907-817-3140', 'thompsonstephen@example.net', 'student'),
(228, 'Michael Smith', '569-751-6958', 'yvette14@example.net', 'teacher'),
(229, 'Daniel Santos', '703-860-4699', 'uhester@example.org', 'student'),
(230, 'Makayla Dunn', '920-234-7808', 'robertsashley@example.net', 'admin'),
(231, 'Jacqueline Krause', '211-238-8935', 'robert90@example.org', 'admin'),
(232, 'Joseph Fuentes', '591-279-7178', 'omitchell@example.org', 'student'),
(233, 'Brandi Graham', '866-743-8984', 'byrdrichard@example.org', 'student'),
(234, 'Jeanne Hale', '219-450-9835', 'jeffrey09@example.com', 'admin'),
(235, 'Danielle Blevins', '209-314-4899', 'gillsteven@example.org', 'student'),
(236, 'Rebecca Turner', '572-689-2903', 'jessica99@example.com', 'teacher'),
(237, 'Austin Cruz', '468-402-7868', 'smiles@example.com', 'teacher'),
(238, 'Joseph Medina', '428-319-9859', 'hrichardson@example.com', 'teacher'),
(239, 'Ms. Adriana Cole', '848-216-4225', 'vturner@example.com', 'student'),
(240, 'Nicole Dougherty', '295-588-6115', 'lambenjamin@example.org', 'admin'),
(241, 'Kenneth Paul', '788-730-8131', 'jennifer52@example.org', 'teacher'),
(242, 'Sherri Jackson', '911-637-5750', 'cardenasamy@example.net', 'student'),
(243, 'Kevin Jackson', '912-981-9511', 'tammynavarro@example.org', 'student'),
(244, 'Dr. Brenda White', '981-275-7601', 'brittanyrodriguez@example.org', 'student'),
(245, 'Robert Wilkerson', '750-843-8390', 'karen44@example.com', 'admin'),
(246, 'Michael Cox', '817-485-8247', 'hallmichael@example.org', 'student'),
(247, 'Paul Lambert', '795-342-1235', 'kevinbuckley@example.org', 'admin'),
(248, 'Carlos Levy', '504-546-2136', 'jason57@example.com', 'admin'),
(249, 'Deborah Allison', '934-308-2506', 'tharvey@example.net', 'student'),
(250, 'Angela Jimenez', '116-622-2013', 'lbonilla@example.com', 'admin'),
(251, 'Leslie Lawson', '931-644-3392', 'rhonda87@example.org', 'admin'),
(252, 'Jason Fitzgerald', '708-585-7680', 'jeremy03@example.com', 'student'),
(253, 'Linda Hernandez', '785-413-4033', 'phelpsjoshua@example.com', 'teacher'),
(254, 'Eric Austin', '142-272-3999', 'allenholly@example.org', 'student'),
(255, 'Zachary Garcia', '358-215-8305', 'karenmoyer@example.com', 'student'),
(256, 'Christopher Lester', '548-891-3976', 'parkssean@example.org', 'teacher'),
(257, 'Angela Reynolds', '587-351-4292', 'kramerjohn@example.org', 'teacher'),
(258, 'William Le', '365-269-7957', 'mckeeamy@example.org', 'teacher'),
(259, 'Melissa Shaw', '595-637-3860', 'ayersangela@example.net', 'admin'),
(260, 'Sharon Schaefer', '132-584-2972', 'isingleton@example.org', 'student'),
(261, 'Howard Hernandez', '303-705-7148', 'bobby27@example.org', 'teacher'),
(262, 'Jacqueline Robinson', '363-562-1454', 'daisy50@example.net', 'teacher'),
(263, 'Rachael Morris', '239-331-5729', 'sara27@example.com', 'teacher'),
(264, 'Mark Baldwin', '928-815-9450', 'srhodes@example.org', 'admin'),
(265, 'Kyle Ramirez', '656-871-9568', 'andersonnicole@example.net', 'teacher'),
(266, 'Daniel Patterson', '796-445-4954', 'kristopher84@example.net', 'admin'),
(267, 'Eric Burke', '785-178-6803', 'ngreen@example.org', 'teacher'),
(268, 'Kevin James', '419-260-3902', 'amiller@example.org', 'teacher'),
(269, 'Johnny Ponce', '449-509-6210', 'castromary@example.org', 'student'),
(270, 'Wyatt Gonzalez', '482-720-2768', 'dlove@example.net', 'admin'),
(271, 'Nathan Roberts', '899-510-4338', 'thompsonamanda@example.com', 'teacher'),
(272, 'Anna Morales', '170-663-3797', 'megan31@example.net', 'student'),
(273, 'Tina Drake', '941-558-9522', 'fowlermaria@example.net', 'teacher'),
(274, 'Richard West', '116-506-3525', 'fryetaylor@example.com', 'admin'),
(275, 'Emily Young', '235-525-4288', 'mariaoconnor@example.net', 'student'),
(276, 'Andre Sullivan', '674-866-5772', 'khughes@example.net', 'admin'),
(277, 'Jose Murphy', '937-760-8714', 'cwalton@example.net', 'student'),
(278, 'Katelyn Barnes', '441-136-6745', 'ncarter@example.org', 'admin'),
(279, 'Travis Harper', '122-156-1137', 'xnelson@example.net', 'admin'),
(280, 'Micheal Soto', '695-601-3639', 'melissapittman@example.net', 'admin'),
(281, 'Keith Livingston', '223-814-4902', 'wallacekimberly@example.net', 'teacher'),
(282, 'Troy Mcknight', '931-713-1249', 'wrightcolleen@example.net', 'admin'),
(283, 'Janet Martin', '209-829-5280', 'tiffany71@example.com', 'student'),
(284, 'Mandy Smith', '350-878-7270', 'orobertson@example.org', 'teacher'),
(285, 'Kimberly Palmer', '383-213-6713', 'danielgordon@example.com', 'student'),
(286, 'Ashlee Cunningham', '149-149-4668', 'vobrien@example.com', 'student'),
(287, 'Robert Hall', '590-994-3889', 'dustinbrown@example.net', 'admin'),
(288, 'Melissa Woods', '438-705-6678', 'pmiller@example.net', 'admin'),
(289, 'David Burnett', '262-951-3557', 'elizabethfisher@example.net', 'teacher'),
(290, 'Jasmine Griffin', '708-605-7278', 'bryan76@example.org', 'admin'),
(291, 'Sean Stewart', '792-170-5056', 'brian27@example.com', 'student'),
(292, 'Andrew Lopez', '807-253-4049', 'tammy16@example.org', 'admin'),
(293, 'Kathryn James', '741-802-4229', 'jackson50@example.com', 'teacher'),
(294, 'Angela Mata', '573-498-3210', 'qlee@example.org', 'student'),
(295, 'Jennifer Nichols', '843-104-3272', 'robertwillis@example.net', 'student'),
(296, 'Ariel Baldwin', '277-283-2112', 'xgregory@example.net', 'student'),
(297, 'Victoria Martinez', '833-510-2498', 'nataliedixon@example.net', 'teacher'),
(298, 'Rebecca Hamilton', '146-826-4664', 'omoore@example.org', 'student'),
(299, 'James Stephens', '369-397-1639', 'calebbowen@example.net', 'student'),
(300, 'Christopher Harper DVM', '935-154-8482', 'jessica14@example.org', 'admin'),
(301, 'Richard Kane', '998-772-1013', 'sean03@example.net', 'admin'),
(302, 'Brian Garcia', '115-469-4433', 'sharonhanna@example.com', 'student'),
(303, 'Philip Marquez', '565-186-1368', 'odrake@example.com', 'admin'),
(304, 'Barbara Chang', '528-146-7565', 'scott63@example.net', 'student'),
(305, 'Michelle Ferrell', '777-584-3896', 'taylorfaith@example.com', 'student'),
(306, 'Ryan Bennett', '341-134-7868', 'nbrown@example.com', 'teacher'),
(307, 'Kristi Garcia', '323-247-6442', 'psimmons@example.org', 'admin'),
(308, 'Tyler Mcbride', '851-469-1126', 'kpham@example.org', 'admin'),
(309, 'Kyle Walker', '447-364-1802', 'briansavage@example.com', 'admin'),
(310, 'Kathryn Baldwin', '754-638-7418', 'jeffreybarry@example.org', 'student'),
(311, 'Jesse Garcia', '473-192-4665', 'ebrock@example.org', 'student'),
(312, 'Christopher Turner', '390-350-2813', 'brian66@example.org', 'teacher'),
(313, 'Christopher Clark', '690-691-8042', 'hansencynthia@example.com', 'student'),
(314, 'Caitlyn Stevens', '280-576-5728', 'maria63@example.net', 'admin'),
(315, 'Lori Rose', '900-996-2393', 'christophermiller@example.net', 'student'),
(316, 'John Macias', '334-961-8398', 'joshuawhite@example.net', 'student'),
(317, 'Nicole Scott', '319-696-2820', 'cookgwendolyn@example.com', 'teacher'),
(318, 'Mrs. Margaret Bowman DVM', '325-189-6604', 'stephensdeanna@example.com', 'student'),
(319, 'Derrick Brown', '133-395-2961', 'crystal41@example.org', 'student'),
(320, 'Victor Harrell', '330-604-1729', 'hmartin@example.com', 'admin'),
(321, 'Kathy Vega', '629-976-7454', 'sford@example.com', 'admin'),
(322, 'Anthony Waters', '766-714-3207', 'johnstonerica@example.net', 'admin'),
(323, 'Meghan Stephens', '449-939-1329', 'johnrogers@example.net', 'teacher'),
(324, 'Amy Brennan', '587-911-4644', 'jcarroll@example.org', 'admin'),
(325, 'Ann Welch', '872-907-2865', 'aromero@example.org', 'teacher'),
(326, 'Jay Sharp', '827-344-2823', 'uporter@example.net', 'teacher'),
(327, 'Lisa Cook', '663-312-5109', 'mjackson@example.org', 'admin'),
(328, 'Debra Garcia', '892-617-4243', 'sethfox@example.com', 'teacher'),
(329, 'Sharon Johnson', '827-890-1533', 'matthewsellers@example.com', 'student'),
(330, 'Brittany Moore', '640-382-5692', 'glennkenneth@example.org', 'teacher'),
(331, 'Kimberly Reese', '148-206-4513', 'kellymonica@example.org', 'student'),
(332, 'Jesse Cook', '538-967-3614', 'wallaceashley@example.com', 'teacher'),
(333, 'Kevin Walters', '541-818-9087', 'julie40@example.org', 'admin'),
(334, 'Jennifer Pacheco', '418-483-4284', 'adamfigueroa@example.org', 'admin'),
(335, 'Darren Richardson', '736-580-6840', 'lindahuerta@example.org', 'admin'),
(336, 'Dr. Marilyn Marshall', '988-925-6616', 'denisebell@example.org', 'admin'),
(337, 'Billy Clark', '526-715-1582', 'melissa13@example.org', 'teacher'),
(338, 'Rachel Harvey', '815-817-5485', 'potteranthony@example.net', 'teacher'),
(339, 'Matthew Johnson', '186-561-3799', 'zsmith@example.org', 'admin'),
(340, 'Daniel Freeman', '943-968-8777', 'alicia71@example.org', 'student'),
(341, 'Jennifer Hoffman', '149-902-8332', 'mario06@example.net', 'student'),
(342, 'Eric Frank', '832-582-3796', 'jonessylvia@example.com', 'admin'),
(343, 'Dr. Lisa Harrison PhD', '109-248-6776', 'martinsuzanne@example.net', 'admin'),
(344, 'Allison Jones', '871-856-1768', 'whiteheaddiane@example.com', 'teacher'),
(345, 'William Gonzalez', '266-141-8562', 'lopezantonio@example.com', 'teacher'),
(346, 'David Edwards', '430-645-7858', 'tmeyer@example.org', 'student'),
(347, 'Shelley Hunt', '789-557-7366', 'meyerkimberly@example.net', 'student'),
(348, 'Nicole Williams', '849-372-4594', 'harry73@example.net', 'admin'),
(349, 'Cynthia Peterson', '386-364-2511', 'shannon72@example.com', 'teacher'),
(350, 'Shannon Castro', '196-591-1695', 'ruizjennifer@example.org', 'teacher'),
(351, 'Luke Johnson', '609-818-5145', 'jonathan65@example.com', 'admin'),
(352, 'Monica Krueger', '327-153-7268', 'krystal61@example.com', 'teacher'),
(353, 'Allison Strong', '813-277-4855', 'samantha75@example.org', 'teacher'),
(354, 'Logan Lopez', '567-853-4221', 'schneidermatthew@example.com', 'admin'),
(355, 'Christine Mack', '632-378-9762', 'kathleen60@example.com', 'admin'),
(356, 'Amanda Gardner', '850-232-1134', 'isanchez@example.com', 'student'),
(357, 'Samantha Carson', '243-850-2887', 'curtislindsey@example.org', 'teacher'),
(358, 'Ms. Sandra Brown', '542-253-9038', 'laura20@example.com', 'admin'),
(359, 'Joan Carpenter', '774-857-5570', 'rebekahwilson@example.org', 'teacher'),
(360, 'Isabel Austin', '354-978-2386', 'copelandbradley@example.com', 'admin'),
(361, 'Anna Howard', '126-844-7929', 'maryfarrell@example.net', 'teacher'),
(362, 'Bradley Mcknight', '306-815-4802', 'ericksoncaroline@example.org', 'admin'),
(363, 'Christina Dixon', '525-561-5402', 'ecastaneda@example.com', 'admin'),
(364, 'Karen Brown', '658-929-7223', 'rosetimothy@example.com', 'teacher'),
(365, 'Jason Owens', '965-174-5380', 'joshuahurst@example.net', 'student'),
(366, 'Mrs. Jessica Rodriguez', '849-152-3443', 'sullivanbrittney@example.org', 'teacher'),
(367, 'Joyce Sweeney', '421-604-1844', 'uleonard@example.net', 'admin'),
(368, 'Scott Hood', '766-327-1032', 'fmichael@example.com', 'teacher'),
(369, 'Jacob Dixon', '680-758-1211', 'hharper@example.com', 'student'),
(370, 'Ashley Ayala', '361-656-1226', 'acuevas@example.net', 'teacher'),
(371, 'Jackie Johnson', '743-460-7657', 'hreynolds@example.org', 'admin'),
(372, 'Bill Irwin', '776-657-8978', 'smithteresa@example.org', 'student'),
(373, 'Jeff Robertson', '524-291-4231', 'zalvarado@example.com', 'admin'),
(374, 'John Miller', '133-381-9722', 'annemeadows@example.com', 'student'),
(375, 'Kelly Watson', '946-647-5147', 'reedkyle@example.org', 'student'),
(376, 'Mr. Jon Brewer', '268-532-9558', 'ghoward@example.com', 'teacher'),
(377, 'Nicole Higgins', '494-865-6095', 'rubenfletcher@example.org', 'student'),
(378, 'Thomas Barr', '246-719-7830', 'ashleyamanda@example.com', 'teacher'),
(379, 'Brenda Decker', '621-298-8906', 'melissa27@example.org', 'teacher'),
(380, 'Anthony Gallagher', '147-112-4427', 'ffarley@example.net', 'teacher'),
(381, 'Billy Spencer', '532-775-4997', 'kellerhannah@example.org', 'teacher'),
(382, 'Laura Roberts', '676-420-9785', 'darlene33@example.com', 'admin'),
(383, 'Curtis Smith', '199-531-9370', 'froststephanie@example.net', 'admin'),
(384, 'Suzanne White', '424-851-9855', 'kaylaporter@example.net', 'student'),
(385, 'Michelle Jensen', '509-227-8125', 'john99@example.org', 'teacher'),
(386, 'Sarah Sandoval', '516-312-2670', 'brooksdiamond@example.org', 'admin'),
(387, 'Krista Barnett', '404-541-2540', 'billymeyers@example.com', 'student'),
(388, 'Amy Chandler', '596-411-6722', 'heidi58@example.com', 'admin'),
(389, 'Derek Ramos', '349-503-1551', 'owood@example.net', 'admin'),
(390, 'Heather Gomez', '921-620-9095', 'campbelloscar@example.org', 'admin'),
(391, 'Marcus Davis', '655-692-7952', 'angelalee@example.org', 'admin'),
(392, 'Jeffrey Hodge', '517-904-7042', 'hutchinsontara@example.org', 'student'),
(393, 'William Becker MD', '138-304-9272', 'vroach@example.net', 'student'),
(394, 'Elizabeth Wright', '736-733-2932', 'angelawilliams@example.net', 'admin'),
(395, 'Shelley Bird', '946-255-3919', 'sandrabush@example.org', 'teacher'),
(396, 'Nancy Cunningham', '280-612-5672', 'wilsontina@example.com', 'admin'),
(397, 'Victoria Scott', '390-724-9086', 'denisemiller@example.org', 'admin'),
(398, 'Jennifer Wang DDS', '176-954-4610', 'xbenitez@example.com', 'teacher'),
(399, 'William Jackson', '434-901-1074', 'fisherjames@example.net', 'teacher'),
(400, 'Lisa Brooks', '680-921-6453', 'nreynolds@example.com', 'teacher'),
(401, 'Kevin Rodriguez', '228-793-7155', 'rhinton@example.com', 'teacher'),
(402, 'Nathan Serrano', '885-486-1788', 'baileyallen@example.net', 'admin'),
(403, 'Brenda Saunders', '291-320-5031', 'warrensherri@example.org', 'admin'),
(404, 'Andrea Wade', '828-459-1040', 'michael02@example.org', 'teacher'),
(405, 'Richard Jones', '614-557-1605', 'yrobinson@example.net', 'teacher'),
(406, 'Alexander Lloyd', '523-340-5494', 'pauljesus@example.net', 'admin'),
(407, 'Nicole Sanders', '594-320-3386', 'dillondonald@example.com', 'admin'),
(408, 'Paul Aguilar', '121-376-3997', 'morrisnicole@example.org', 'admin'),
(409, 'Steven Smith', '110-148-6898', 'nancypacheco@example.com', 'admin'),
(410, 'Robert Roberts', '140-423-9541', 'davistimothy@example.net', 'admin'),
(411, 'Vanessa Moran', '612-771-3305', 'ehouse@example.net', 'student'),
(412, 'Jo Gibbs', '772-287-7912', 'lsharp@example.com', 'student'),
(413, 'Joshua Castillo', '545-858-1103', 'pamela00@example.com', 'admin'),
(414, 'James Gibson', '679-862-4763', 'frances38@example.org', 'admin'),
(415, 'Debra Powell', '972-890-2237', 'debrasaunders@example.com', 'teacher'),
(416, 'Kristen Porter', '666-974-9375', 'coxdawn@example.com', 'teacher'),
(417, 'Debra Hull', '870-619-7903', 'matthewgraham@example.org', 'teacher'),
(418, 'Stephanie Stewart', '970-442-3189', 'scottmonique@example.net', 'teacher'),
(419, 'Zachary Phillips', '464-391-4239', 'jamesduke@example.com', 'student'),
(420, 'Andrea Wheeler', '738-166-3720', 'ramseyjennifer@example.net', 'admin'),
(421, 'Holly Morris', '958-852-8766', 'matthew93@example.org', 'student'),
(422, 'Nathan Savage', '888-377-1683', 'mitchellgavin@example.net', 'teacher'),
(423, 'Jacqueline Tran', '138-746-9798', 'nicholas36@example.com', 'admin'),
(424, 'Joanne Green', '793-300-7804', 'hunterolivia@example.com', 'student'),
(425, 'Madeline Carter', '471-253-8180', 'shortstephen@example.com', 'admin'),
(426, 'Holly Gonzalez', '393-160-4516', 'wwalters@example.com', 'student'),
(427, 'Monica Ford', '139-865-5924', 'millerkaren@example.com', 'admin'),
(428, 'Jodi Hopkins', '393-717-8029', 'harrisanthony@example.com', 'teacher'),
(429, 'Mr. Aaron Thornton', '886-556-8268', 'odennis@example.org', 'teacher'),
(430, 'Aaron Lawson', '313-122-6545', 'ravencunningham@example.com', 'teacher'),
(431, 'Christopher King', '535-582-5618', 'alexandrafields@example.com', 'student'),
(432, 'Charlene King', '275-830-1865', 'scott03@example.net', 'teacher'),
(433, 'Bryan Tucker', '656-280-8454', 'robertbest@example.com', 'student'),
(434, 'Jean Cross', '722-679-3945', 'tochoa@example.com', 'admin'),
(435, 'Jeffrey Glover', '418-349-2945', 'caseyalexandria@example.org', 'teacher'),
(436, 'Jacqueline Patrick', '941-530-5643', 'banksbrittany@example.org', 'admin'),
(437, 'Casey Riddle', '369-267-1009', 'pattersonkenneth@example.com', 'student'),
(438, 'Jessica Vaughan', '579-617-4951', 'ivanrice@example.net', 'admin'),
(439, 'Maria Murphy', '393-691-7438', 'heidi22@example.com', 'admin'),
(440, 'Victor Tyler', '557-629-3191', 'ppadilla@example.org', 'student'),
(441, 'Chad Wright', '809-460-6017', 'gmcdaniel@example.net', 'student'),
(442, 'Stephanie Weaver', '986-825-3036', 'tonyabrown@example.org', 'admin'),
(443, 'Kathy Frank', '111-381-1986', 'susanprice@example.com', 'student'),
(444, 'Steven Mcneil', '849-479-2710', 'taylorlauren@example.org', 'teacher'),
(445, 'Leslie Fuller', '735-450-2482', 'smclaughlin@example.net', 'admin'),
(446, 'Victor Crawford', '383-108-9336', 'haley59@example.org', 'student'),
(447, 'Theresa White', '983-113-7802', 'cardenaskenneth@example.net', 'student'),
(448, 'William Brown', '295-468-3734', 'xmaldonado@example.com', 'admin'),
(449, 'Kent Colon', '534-164-9239', 'elizabeth82@example.com', 'student'),
(450, 'Christopher Moon', '434-653-5273', 'ryan59@example.net', 'student'),
(451, 'Karen Wilson', '821-218-2596', 'spencejasmine@example.com', 'student'),
(452, 'Paul Anderson', '413-285-9583', 'amy36@example.org', 'student'),
(453, 'Matthew Harris', '959-566-4601', 'aguilarthomas@example.com', 'teacher'),
(454, 'Timothy Peterson', '870-442-4668', 'susan66@example.org', 'teacher'),
(455, 'Joshua Keller', '946-495-7391', 'carolynjohnson@example.net', 'student'),
(456, 'Daniel Snyder', '233-465-5580', 'pking@example.com', 'student'),
(457, 'Caroline Parrish', '629-844-1166', 'stephen25@example.com', 'teacher'),
(458, 'Christopher Thompson', '367-907-1497', 'jessicawalsh@example.com', 'admin'),
(459, 'Terry Armstrong', '831-216-9438', 'johnsbrian@example.com', 'student'),
(460, 'Laura Carroll', '624-848-8640', 'pricedustin@example.net', 'student'),
(461, 'Scott Daniels', '526-743-9589', 'flemingrichard@example.net', 'student'),
(462, 'Megan Owens', '468-849-3135', 'maria71@example.com', 'student'),
(463, 'Angela Campos', '870-923-9713', 'daviesstephen@example.com', 'admin'),
(464, 'Cory Mitchell', '100-533-6930', 'bmason@example.net', 'teacher'),
(465, 'Trevor Villegas', '698-909-8373', 'thomasrobbins@example.com', 'teacher'),
(466, 'Christopher Smith', '682-731-7506', 'amandaturner@example.org', 'student'),
(467, 'James Alvarado', '418-706-1423', 'mooreerica@example.net', 'admin'),
(468, 'Rebecca Cowan', '934-639-9788', 'amystanley@example.com', 'admin'),
(469, 'Christopher Carter', '923-965-5521', 'gwilliams@example.com', 'teacher'),
(470, 'Christopher Miller', '799-533-6010', 'elizabethjames@example.org', 'admin'),
(471, 'Miss Barbara Reynolds', '958-777-3745', 'chelseawilliams@example.org', 'teacher'),
(472, 'Mrs. Laura Nguyen', '831-673-8497', 'travis74@example.org', 'admin'),
(473, 'Brian Larson', '637-519-7457', 'jefferytaylor@example.net', 'teacher'),
(474, 'Elizabeth Campbell', '888-899-5819', 'brettdean@example.com', 'teacher'),
(475, 'Gina Galloway', '424-914-3326', 'hreid@example.net', 'admin'),
(476, 'Sandra Jackson', '297-108-5705', 'mknox@example.com', 'admin'),
(477, 'Erica Williams', '717-658-2242', 'edwardsmith@example.com', 'teacher'),
(478, 'Toni Marshall', '265-916-4053', 'trussell@example.net', 'admin'),
(479, 'Julie Blackburn', '143-984-5469', 'brittney05@example.com', 'student'),
(480, 'Erin Ryan MD', '858-434-8191', 'sergio92@example.org', 'admin'),
(481, 'Michelle Ramirez', '873-746-5880', 'jeffreymoore@example.com', 'admin'),
(482, 'Janet Miller', '981-286-1533', 'kevindickson@example.net', 'student'),
(483, 'Joseph Quinn', '710-464-3538', 'orobinson@example.org', 'teacher'),
(484, 'Crystal Mcclure', '378-460-8005', 'amanda52@example.com', 'admin'),
(485, 'Gloria Smith', '874-840-2696', 'hallkatie@example.net', 'student'),
(486, 'Jonathan Cain', '865-384-3402', 'kevinpotts@example.net', 'student'),
(487, 'Ashley Williams', '792-797-6239', 'james70@example.com', 'teacher'),
(488, 'Mr. John Navarro', '701-427-9000', 'wsandoval@example.net', 'teacher'),
(489, 'Marilyn Nelson', '121-148-3011', 'taylorallen@example.com', 'teacher'),
(490, 'Dylan Crane', '639-291-6892', 'meganwilson@example.org', 'admin'),
(491, 'Christopher Wilcox', '398-328-1899', 'marc59@example.com', 'admin'),
(492, 'Robert Gonzalez', '709-586-9832', 'ctaylor@example.com', 'admin'),
(493, 'Lindsey Dennis', '792-135-1314', 'andrea76@example.org', 'student'),
(494, 'Stephen Guerrero', '115-130-7294', 'michele73@example.org', 'teacher'),
(495, 'Michael Garcia', '162-765-7402', 'dennislove@example.net', 'teacher'),
(496, 'Jonathan Hayes', '878-212-6113', 'paul63@example.net', 'admin'),
(497, 'Shawn Choi', '435-798-9556', 'michael87@example.org', 'student'),
(498, 'Ronald Kennedy', '391-785-1175', 'lopezlaura@example.org', 'teacher'),
(499, 'Tiffany Lopez', '920-642-2153', 'bsmith@example.com', 'teacher'),
(500, 'Christopher Martin', '818-155-6350', 'aalvarez@example.com', 'admin'),
(501, 'Sabrina Flores', '987-817-1049', 'haaspaula@example.com', 'student'),
(502, 'Jamie White', '306-115-1896', 'ryanrobert@example.net', 'student'),
(503, 'Ryan Velez', '667-674-1435', 'joshuavalentine@example.com', 'student'),
(504, 'Amanda Jones', '817-393-8301', 'vlynch@example.com', 'teacher'),
(505, 'Anthony Santos', '818-267-9291', 'tiffany99@example.net', 'teacher'),
(506, 'Jeanette Lara', '250-879-8213', 'xross@example.net', 'teacher'),
(507, 'Tonya Taylor', '934-674-8157', 'blackwellmason@example.com', 'student'),
(508, 'Dillon Cooke', '360-522-9669', 'wwalsh@example.org', 'student'),
(509, 'Mrs. Beth Harris', '321-560-5417', 'loribean@example.com', 'teacher'),
(510, 'Jennifer Fisher', '889-286-1014', 'michael19@example.net', 'student'),
(511, 'Ronnie Jones', '613-180-9903', 'howardjennifer@example.org', 'admin'),
(512, 'Stacy Johnston', '947-399-9619', 'mcintyreivan@example.net', 'teacher'),
(513, 'Emily Brady', '310-965-3184', 'nicholslisa@example.net', 'admin'),
(514, 'Courtney Gonzalez', '146-917-8491', 'archerrobert@example.com', 'student'),
(515, 'Vicki Koch', '631-141-1041', 'simpsonveronica@example.net', 'teacher'),
(516, 'Brian King', '346-590-9923', 'nicolesimon@example.org', 'teacher'),
(517, 'Julie Robinson', '773-561-6956', 'zimmermanjames@example.com', 'student'),
(518, 'Mary Romero', '417-505-3144', 'monica58@example.org', 'admin'),
(519, 'Lorraine Watkins', '133-328-1626', 'jamesandrew@example.net', 'admin'),
(520, 'Miss Diana Holland MD', '724-428-3182', 'rothmariah@example.net', 'admin'),
(521, 'Bethany Clark', '386-980-2052', 'desireedavis@example.org', 'teacher'),
(522, 'Glenn Bryant', '895-620-7425', 'elizabethhale@example.net', 'teacher'),
(523, 'Morgan Morales', '122-242-4010', 'kellyroger@example.com', 'student'),
(524, 'Kevin Shaw', '765-471-4304', 'sheilawashington@example.net', 'admin'),
(525, 'Laura Mathis', '582-785-6441', 'christopher67@example.net', 'student'),
(526, 'Joel Vargas', '626-238-4976', 'hernandezjohn@example.com', 'teacher'),
(527, 'Olivia Carpenter', '587-737-7135', 'uturner@example.org', 'teacher'),
(528, 'Andrea Butler', '530-900-3382', 'michaeloliver@example.org', 'teacher'),
(529, 'Kristen Lara', '424-726-6134', 'kempjessica@example.net', 'admin'),
(530, 'Christina Atkinson', '534-125-8961', 'susan89@example.com', 'student'),
(531, 'Susan Meza', '872-885-2885', 'johnnyevans@example.org', 'teacher'),
(532, 'Lori Drake', '238-222-1229', 'joshua15@example.org', 'teacher'),
(533, 'James Robinson', '433-227-9675', 'tscott@example.com', 'student'),
(534, 'Adam Everett', '716-837-8317', 'uthompson@example.net', 'teacher'),
(535, 'John Mendez', '335-704-8076', 'reesemichael@example.com', 'student'),
(536, 'Donald Hunt', '977-466-3192', 'lmcfarland@example.org', 'teacher'),
(537, 'Stephen Bailey', '210-859-5034', 'nancydavis@example.com', 'teacher'),
(538, 'Stephanie Barnes', '695-173-5855', 'jennifer67@example.com', 'admin'),
(539, 'Lori Torres', '797-702-8465', 'suzanne52@example.org', 'student'),
(540, 'Stacey Taylor', '263-808-4203', 'stevenhenderson@example.com', 'teacher'),
(541, 'Mark Evans', '866-503-4541', 'gutierreztammy@example.com', 'teacher'),
(542, 'Christopher Christian', '129-273-8237', 'grahamkaren@example.net', 'teacher'),
(543, 'Stephanie Dominguez', '951-988-1231', 'qbennett@example.org', 'admin'),
(544, 'Mariah Williams', '255-654-6728', 'gilltamara@example.com', 'teacher'),
(545, 'John Estrada', '624-310-6615', 'roberto28@example.net', 'student'),
(546, 'Kevin Lee', '707-535-8702', 'hbailey@example.org', 'admin'),
(547, 'Sean Garcia', '827-379-1128', 'sydney05@example.net', 'admin'),
(548, 'Cynthia Rivas', '875-577-1014', 'wbautista@example.net', 'student'),
(549, 'Brenda Green', '942-254-9404', 'phyllisdaniels@example.com', 'student'),
(550, 'Lisa Allen', '885-929-9493', 'johnsonsharon@example.com', 'student'),
(551, 'Morgan Martinez', '329-852-2802', 'alexandrajohnson@example.com', 'teacher'),
(552, 'Oscar Rosales', '899-383-9534', 'stephen98@example.com', 'admin'),
(553, 'Ryan Roman', '573-721-2656', 'fnguyen@example.net', 'student'),
(554, 'Melinda Roy', '268-465-8457', 'sford@example.net', 'admin'),
(555, 'Emily Perez', '933-980-3471', 'stephanieadams@example.com', 'teacher'),
(556, 'Preston Young', '890-417-6885', 'cynthiasimpson@example.net', 'teacher'),
(557, 'Sean Blake', '924-591-1219', 'buckleygeorge@example.net', 'teacher'),
(558, 'Karen Wallace', '579-640-9671', 'joserobertson@example.org', 'admin'),
(559, 'Debra Chang', '611-177-5436', 'alexandria88@example.com', 'admin'),
(560, 'Devin Espinoza', '468-297-3958', 'vbarber@example.org', 'admin'),
(561, 'Julia Pitts', '942-402-9518', 'paulmoore@example.net', 'student'),
(562, 'Traci Richardson', '682-651-9751', 'kathyclark@example.com', 'student'),
(563, 'Jean Richard', '356-428-9272', 'james30@example.com', 'teacher'),
(564, 'Derrick Sampson', '621-657-2317', 'orrkristen@example.com', 'student'),
(565, 'Carmen Gibson', '672-590-6125', 'karahill@example.net', 'student'),
(566, 'Andrew Orr', '729-938-6460', 'amanda33@example.net', 'teacher'),
(567, 'George Peterson', '591-398-4100', 'jamesdaisy@example.com', 'admin'),
(568, 'Yvonne Miller PhD', '801-386-6323', 'randalldavies@example.org', 'admin'),
(569, 'Patrick Benjamin', '949-126-9544', 'stephanieschneider@example.com', 'teacher'),
(570, 'Stephen Patterson', '621-442-6683', 'williamsdaniel@example.net', 'teacher'),
(571, 'Patrick Taylor', '359-715-5442', 'tylerbrooks@example.org', 'student'),
(572, 'Jessica Sexton', '414-874-5026', 'thomas34@example.net', 'student'),
(573, 'Ashley Carpenter', '488-374-2485', 'teresawelch@example.org', 'student'),
(574, 'Nathan Morris', '500-975-6399', 'ucharles@example.com', 'teacher'),
(575, 'Jason Harding', '712-605-9865', 'yarmstrong@example.com', 'admin'),
(576, 'Amanda Boyer', '379-521-7151', 'ryantorres@example.org', 'student'),
(577, 'Ryan Simon', '905-535-9850', 'wschwartz@example.org', 'student'),
(578, 'Lindsey Ross', '483-874-1807', 'castanedajamie@example.com', 'admin'),
(579, 'Richard Drake', '360-712-7534', 'ashley83@example.org', 'student'),
(580, 'Amy Jones', '901-911-5089', 'campbellthomas@example.org', 'admin'),
(581, 'Daniel Berg', '858-973-5716', 'kelsey21@example.net', 'teacher'),
(582, 'Nicole Brown', '220-671-3279', 'smithjillian@example.net', 'student'),
(583, 'Kelly Morgan', '548-736-1750', 'robertparsons@example.org', 'student'),
(584, 'Rodney Marshall', '793-182-7714', 'maryburgess@example.com', 'teacher'),
(585, 'Michael Pierce', '326-438-6895', 'garciajoel@example.com', 'teacher'),
(586, 'Arthur Peterson', '696-309-1770', 'alexandergallegos@example.com', 'admin'),
(587, 'Vincent Gibson', '388-390-8062', 'matthew53@example.org', 'student'),
(588, 'Daniel Thomas', '108-659-3554', 'wilsoncasey@example.org', 'student'),
(589, 'Laura Reed', '927-117-7682', 'jacksonalexander@example.org', 'admin'),
(590, 'Hannah Howell', '216-754-9942', 'mccarthydarryl@example.net', 'teacher'),
(591, 'Julie Jones', '760-497-5014', 'adrian73@example.net', 'teacher'),
(592, 'Amy Francis', '819-165-3009', 'ocastro@example.org', 'admin'),
(593, 'Natasha Martinez', '527-439-4612', 'millermakayla@example.org', 'student'),
(594, 'Teresa Dawson', '178-185-2324', 'paul92@example.net', 'student'),
(595, 'Willie Baker', '419-734-1250', 'lgriffin@example.net', 'admin'),
(596, 'Jenna Lewis', '475-816-7841', 'usmith@example.org', 'admin'),
(597, 'John Mckinney', '427-730-8278', 'chaas@example.net', 'student'),
(598, 'Jasmine Padilla', '877-393-9009', 'mblanchard@example.com', 'teacher'),
(599, 'Jennifer Davis', '874-143-8444', 'tmoore@example.net', 'admin'),
(600, 'Phillip Rodriguez', '770-326-8429', 'andrewclark@example.com', 'admin'),
(601, 'Laura Anderson', '513-437-6256', 'robert53@example.com', 'teacher'),
(602, 'Tony Ryan', '824-630-5543', 'agreen@example.net', 'teacher'),
(603, 'Arthur Kim', '882-860-5989', 'anthonyward@example.com', 'student'),
(604, 'Benjamin Dickerson', '111-753-2107', 'edward14@example.com', 'admin'),
(605, 'Michael Williams', '997-831-5223', 'dalehernandez@example.net', 'admin'),
(606, 'Gabriella Carpenter', '167-174-1676', 'josephli@example.org', 'student'),
(607, 'Henry Ellis', '675-433-8237', 'oayala@example.net', 'teacher'),
(608, 'Kyle Williams', '509-328-8346', 'christopher71@example.org', 'teacher'),
(609, 'Kathleen Evans', '474-767-9103', 'hartjulie@example.net', 'teacher'),
(610, 'Jackson Sanchez', '857-414-8737', 'susansmith@example.org', 'student'),
(611, 'Beth Knapp', '241-140-3617', 'richard97@example.net', 'teacher'),
(612, 'Amber Atkins', '376-107-1782', 'ebrown@example.com', 'admin'),
(613, 'Kevin Jackson', '977-668-7106', 'arthur61@example.com', 'student'),
(614, 'Andrea Lawrence', '923-154-3326', 'christophermclaughlin@example.org', 'admin'),
(615, 'Angela Lewis', '414-414-2156', 'jessicaramsey@example.com', 'student'),
(616, 'Ashley Maldonado', '151-459-8304', 'arnoldmelanie@example.org', 'student'),
(617, 'Lisa Green', '936-584-9101', 'april05@example.net', 'student'),
(618, 'Jake Allison', '712-206-8064', 'yanderson@example.org', 'student'),
(619, 'Melissa Hicks', '278-473-6028', 'keithstewart@example.org', 'student'),
(620, 'William Kramer', '999-188-2848', 'kathy60@example.net', 'student'),
(621, 'Dillon Perez', '473-517-6420', 'carlos74@example.net', 'student'),
(622, 'Travis Price', '171-882-7017', 'gregory10@example.net', 'student'),
(623, 'Amy Rodriguez', '654-127-3650', 'amy01@example.net', 'admin'),
(624, 'Marie Hall', '496-882-5766', 'kristy11@example.org', 'teacher'),
(625, 'Deborah Robertson', '791-551-5546', 'whitney70@example.org', 'teacher'),
(626, 'Leslie Smith', '169-334-3446', 'amanda39@example.net', 'teacher'),
(627, 'Sarah Rangel', '393-325-3404', 'april38@example.net', 'student'),
(628, 'Christopher Holt', '479-328-5169', 'christinecollins@example.net', 'teacher'),
(629, 'Patricia Gray', '111-747-8897', 'mannelizabeth@example.net', 'admin'),
(630, 'Jonathan Meyers', '882-755-9702', 'zadams@example.org', 'student'),
(631, 'Brian Collins', '233-867-5360', 'khanroy@example.org', 'admin'),
(632, 'Franklin Arnold', '915-849-5924', 'robert86@example.org', 'student'),
(633, 'James Anderson', '946-994-9517', 'nicolebaker@example.org', 'student'),
(634, 'Harold Hart', '241-846-9397', 'melaniemartin@example.com', 'admin'),
(635, 'Brittany Russell', '728-399-3022', 'deborahbradley@example.net', 'admin'),
(636, 'Jesse Smith PhD', '361-343-3493', 'colemanjoshua@example.net', 'teacher'),
(637, 'Jennifer Malone', '283-119-9976', 'debbiedavila@example.net', 'teacher'),
(638, 'Monica Orr', '331-524-3021', 'kristen02@example.com', 'admin'),
(639, 'Michael Gonzalez', '562-142-4809', 'vtucker@example.net', 'admin'),
(640, 'Lisa Lopez', '368-567-8092', 'andrewwest@example.net', 'teacher'),
(641, 'Lindsay Gordon', '580-179-4311', 'adrian65@example.org', 'student'),
(642, 'Michael Crawford', '401-950-3350', 'michelle06@example.com', 'student'),
(643, 'Thomas Peters', '695-926-8362', 'stephaniewilliams@example.org', 'teacher'),
(644, 'Richard Brown', '738-489-7960', 'stephenroberts@example.net', 'admin'),
(645, 'Ricardo Singh', '519-770-2462', 'leedwayne@example.com', 'admin'),
(646, 'Robert Martinez', '206-168-5532', 'rodrigueztimothy@example.net', 'admin'),
(647, 'Adam Hughes', '632-282-2039', 'katherinebell@example.net', 'admin'),
(648, 'Stephen Lopez', '967-502-9737', 'greenjustin@example.com', 'student'),
(649, 'Jasmine Warner', '947-498-6518', 'kelly94@example.com', 'admin'),
(650, 'Anthony Phelps', '919-915-5485', 'vargasdavid@example.net', 'admin'),
(651, 'Richard Gonzales', '654-838-2783', 'wheelerkristy@example.com', 'teacher'),
(652, 'Charles Solomon', '652-232-8406', 'erichowell@example.org', 'student'),
(653, 'Tiffany Rosales', '491-482-1116', 'taylormatthew@example.org', 'admin'),
(654, 'Bethany Rivera', '185-274-3319', 'jasongarcia@example.org', 'student'),
(655, 'Terri Parks', '914-887-6822', 'hdaniels@example.org', 'student'),
(656, 'Steven Anderson', '941-768-6366', 'smithteresa@example.com', 'teacher'),
(657, 'Tyler Fowler', '713-891-4276', 'jamescochran@example.net', 'student'),
(658, 'Bruce Johnson', '382-400-8694', 'sarah61@example.net', 'admin'),
(659, 'Dr. Meghan Simpson', '887-811-8147', 'karaelliott@example.org', 'admin'),
(660, 'Heather Patel', '360-358-4190', 'pagerhonda@example.com', 'student'),
(661, 'Christopher Cooley', '461-175-4261', 'david91@example.net', 'student'),
(662, 'Nathaniel Blanchard', '596-428-6283', 'cheyennejohnson@example.com', 'student'),
(663, 'Sandra Jones', '947-120-8174', 'markstephens@example.com', 'admin'),
(664, 'Bryan Schmidt', '247-846-4169', 'jvelasquez@example.com', 'teacher'),
(665, 'Kathleen Cochran', '794-319-8681', 'icamacho@example.com', 'admin'),
(666, 'Kimberly Patel', '972-452-5284', 'dosborne@example.net', 'student'),
(667, 'Bailey Woods', '155-477-1468', 'williamcrawford@example.org', 'student'),
(668, 'David Compton', '740-630-8542', 'pgreen@example.net', 'student'),
(669, 'Ryan Taylor', '562-140-9465', 'jennifer63@example.com', 'student'),
(670, 'Scott Crawford', '913-152-4136', 'kylecoleman@example.net', 'admin');
INSERT INTO `people` (`people_id`, `name`, `phone`, `email`, `role`) VALUES
(671, 'Jennifer Robinson', '679-239-1902', 'vrichardson@example.com', 'admin'),
(672, 'Michelle Jackson', '687-751-1176', 'courtneyburns@example.net', 'student'),
(673, 'Randall Skinner', '577-862-5146', 'lukewood@example.net', 'student'),
(674, 'George Morales', '451-790-7875', 'perezdale@example.org', 'teacher'),
(675, 'Daisy Bell', '737-998-5660', 'jonathanmercer@example.com', 'teacher'),
(676, 'Andrew Jackson', '858-667-3156', 'aaronweaver@example.com', 'teacher'),
(677, 'Jeffrey Hunt', '391-253-2411', 'swallace@example.com', 'teacher'),
(678, 'Carolyn West', '147-915-2651', 'john12@example.com', 'student'),
(679, 'Darlene Cooper', '602-737-5060', 'mitchelltimothy@example.org', 'student'),
(680, 'Timothy Ford', '892-691-8350', 'laura56@example.org', 'admin'),
(681, 'Zachary Patterson', '508-601-3925', 'david44@example.com', 'admin'),
(682, 'Scott Davis', '150-668-2080', 'williamjordan@example.net', 'teacher'),
(683, 'Steven Mcgee', '549-492-6625', 'jthomas@example.net', 'admin'),
(684, 'Joyce Douglas', '261-648-9873', 'joseph67@example.org', 'student'),
(685, 'Jessica Sherman', '355-541-3575', 'dsmith@example.com', 'student'),
(686, 'Jerry Clark', '231-737-7318', 'jacob85@example.com', 'admin'),
(687, 'Connie Anderson', '805-493-6375', 'smithcharles@example.org', 'student'),
(688, 'Bryan Hughes', '982-344-1913', 'achavez@example.org', 'student'),
(689, 'Michael Banks', '857-585-2308', 'hendersonmary@example.com', 'teacher'),
(690, 'Kathryn Gutierrez', '442-566-2189', 'jacobssamantha@example.com', 'admin'),
(691, 'Hayden Contreras', '998-839-2506', 'wmarshall@example.net', 'student'),
(692, 'Jacob Ford MD', '490-277-6736', 'maurice30@example.com', 'admin'),
(693, 'Edward Alexander', '763-550-1922', 'fgraham@example.com', 'admin'),
(694, 'Rebecca Kim', '115-669-8545', 'huntroberto@example.org', 'student'),
(695, 'Philip Wood', '856-883-5487', 'fharris@example.net', 'teacher'),
(696, 'Kyle Hudson', '528-613-4388', 'mendozadwayne@example.net', 'admin'),
(697, 'Erin Garcia', '431-955-6513', 'eddie64@example.com', 'student'),
(698, 'Robert Hernandez', '707-743-8499', 'rosedouglas@example.net', 'teacher'),
(699, 'Mark Henry', '255-419-3184', 'umitchell@example.org', 'admin'),
(700, 'Seth Stuart', '758-508-1800', 'robertbrown@example.org', 'student'),
(701, 'Yesenia Giles', '261-371-8014', 'castrojoshua@example.org', 'admin'),
(702, 'Carrie King', '791-156-6268', 'ljenkins@example.org', 'teacher'),
(703, 'Roberto Cole', '631-332-8288', 'patrickmichael@example.org', 'student'),
(704, 'Robert Downs', '657-385-3905', 'ryantodd@example.net', 'teacher'),
(705, 'Mary Smith', '861-332-2777', 'alexandra84@example.com', 'teacher'),
(706, 'Kathryn Martin', '907-349-5038', 'john15@example.net', 'teacher'),
(707, 'Robert Jones', '984-951-7634', 'xmurphy@example.net', 'student'),
(708, 'Heidi Raymond', '237-888-7543', 'rodriguezeric@example.org', 'student'),
(709, 'Jennifer Smith', '492-718-7774', 'jonesdavid@example.org', 'student'),
(710, 'Crystal Evans', '664-436-8370', 'cody72@example.com', 'teacher'),
(711, 'Kimberly King', '788-138-6750', 'murphygary@example.com', 'student'),
(712, 'Joseph Haynes', '286-310-2502', 'amandamercer@example.net', 'admin'),
(713, 'Cameron Glover', '654-626-3074', 'johnsonethan@example.org', 'teacher'),
(714, 'Amanda Moran', '455-843-7571', 'denisenewman@example.org', 'student'),
(715, 'Holly Cunningham', '623-961-5589', 'wmoore@example.org', 'admin'),
(716, 'Nicole Robinson', '831-531-9360', 'kreyes@example.com', 'student'),
(717, 'Ronald Williamson', '860-146-5005', 'whiterebecca@example.com', 'student'),
(718, 'Brandon Jackson', '448-835-1462', 'nathan05@example.org', 'student'),
(719, 'Peggy Ponce', '687-242-3102', 'matthewcross@example.com', 'teacher'),
(720, 'Michelle Davis', '467-418-7251', 'jaredgonzalez@example.org', 'teacher'),
(721, 'Allison Chavez', '961-796-4474', 'simmonsalexis@example.com', 'teacher'),
(722, 'Michael Ramirez', '730-393-9755', 'pespinoza@example.net', 'student'),
(723, 'Phillip Garner', '561-389-7584', 'crystalgardner@example.net', 'admin'),
(724, 'Darlene Armstrong', '728-332-5794', 'samantha87@example.net', 'student'),
(725, 'Mr. Russell Martin', '982-539-3115', 'zgonzalez@example.org', 'student'),
(726, 'Michael Harris', '981-179-9725', 'ysantos@example.com', 'student'),
(727, 'Jeff Smith', '831-736-2224', 'scottthomas@example.net', 'admin'),
(728, 'Michael Garcia', '386-621-7261', 'halemathew@example.net', 'admin'),
(729, 'Ralph Rodriguez', '610-520-5585', 'briandavenport@example.net', 'admin'),
(730, 'Kenneth Bender', '324-649-6466', 'kingmaureen@example.org', 'admin'),
(731, 'Ryan Nguyen', '844-481-9664', 'whall@example.com', 'teacher'),
(732, 'Haley Daniels', '296-343-2438', 'amber37@example.net', 'teacher'),
(733, 'Edward Young', '146-953-9778', 'agrant@example.com', 'admin'),
(734, 'Rebecca Davis', '252-598-7542', 'oclark@example.org', 'student'),
(735, 'Benjamin Smith', '340-449-1025', 'blairangela@example.org', 'admin'),
(736, 'Samantha Johnson', '591-370-7891', 'danielrodriguez@example.net', 'teacher'),
(737, 'Nicholas Castro', '441-839-6720', 'malonenancy@example.net', 'student'),
(738, 'Raymond Ford', '208-159-3133', 'mdavid@example.com', 'student'),
(739, 'Ashley Miranda', '817-663-8889', 'ericksonadrian@example.org', 'student'),
(740, 'Kristen Richardson', '361-459-3480', 'afields@example.com', 'student'),
(741, 'Carrie Harris', '920-554-3380', 'diana31@example.org', 'admin'),
(742, 'Regina Griffith', '734-380-2820', 'qhunter@example.com', 'admin'),
(743, 'Gabriela Holmes', '982-145-5103', 'james35@example.com', 'admin'),
(744, 'Ethan Guzman', '840-439-7138', 'jesse31@example.net', 'admin'),
(745, 'Breanna Hayes', '346-820-6112', 'urodriguez@example.com', 'admin'),
(746, 'Melissa Adams', '436-764-9853', 'ann52@example.com', 'teacher'),
(747, 'Luke Glover', '676-160-1340', 'michael71@example.com', 'admin'),
(748, 'Nathan Wilson', '692-290-6035', 'danaholmes@example.com', 'student'),
(749, 'Susan Lambert', '625-745-5290', 'moorejason@example.com', 'student'),
(750, 'Daniel Greene', '792-511-4743', 'josejacobs@example.org', 'student'),
(751, 'Lisa Harris', '266-153-5945', 'rzamora@example.com', 'teacher'),
(752, 'Kelly Reyes', '855-869-2040', 'christopher61@example.com', 'admin'),
(753, 'Karen Stephenson', '804-550-2914', 'joe18@example.org', 'admin'),
(754, 'Daniel Patton', '225-109-8527', 'phillipbell@example.com', 'teacher'),
(755, 'Michael Greene', '381-670-4321', 'mgomez@example.com', 'teacher'),
(756, 'Thomas Porter', '964-965-1155', 'hillphillip@example.net', 'student'),
(757, 'Ronnie Cantu', '640-193-6699', 'jose62@example.org', 'teacher'),
(758, 'Zachary Herrera', '807-914-6908', 'christopherhunter@example.net', 'student'),
(759, 'Tiffany Wilson', '866-665-4715', 'xshort@example.org', 'student'),
(760, 'Christopher Sanchez', '117-334-4425', 'nharvey@example.net', 'teacher'),
(761, 'Christina Thomas', '330-164-9555', 'patriciahill@example.com', 'admin'),
(762, 'Susan Shepard', '998-903-5505', 'hollyharrison@example.net', 'admin'),
(763, 'Melissa Hendricks', '336-516-2819', 'robertblackwell@example.org', 'admin'),
(764, 'Evelyn Mckay', '463-427-2292', 'mcgeetammie@example.net', 'admin'),
(765, 'David Mack', '296-235-3937', 'paulmacdonald@example.com', 'admin'),
(766, 'Haley Stevenson', '873-339-9887', 'igraham@example.net', 'teacher'),
(767, 'Melissa Brady', '202-680-9075', 'stevensmegan@example.org', 'teacher'),
(768, 'Julia Graham', '476-179-1385', 'stevensjoshua@example.org', 'admin'),
(769, 'Eric Jackson', '702-404-6736', 'ptaylor@example.com', 'teacher'),
(770, 'Kevin Taylor', '566-247-9006', 'danielwebb@example.com', 'admin'),
(771, 'Ryan Frost', '761-973-9287', 'qramirez@example.com', 'student'),
(772, 'Aaron Allen', '940-164-6363', 'ortizjeff@example.com', 'admin'),
(773, 'Jeanette Stewart', '676-782-3255', 'mary85@example.net', 'admin'),
(774, 'Mr. David Barker', '128-660-8382', 'michele07@example.org', 'admin'),
(775, 'Christina Obrien', '947-826-2759', 'garymills@example.org', 'student'),
(776, 'Travis Terry', '494-873-6558', 'cfinley@example.org', 'admin'),
(777, 'Monique Ellis', '368-152-7135', 'vduncan@example.com', 'admin'),
(778, 'Allison Reed', '190-363-6017', 'dylanpalmer@example.com', 'teacher'),
(779, 'Bianca Garcia', '590-785-2747', 'rodneypierce@example.org', 'teacher'),
(780, 'Kathleen Bailey', '412-289-8814', 'wmunoz@example.com', 'student'),
(781, 'Anthony Anderson', '176-900-3665', 'oolsen@example.net', 'student'),
(782, 'Courtney Copeland', '705-371-7605', 'michaelfitzgerald@example.org', 'student'),
(783, 'Richard Moody', '931-526-3700', 'katherinecarpenter@example.net', 'student'),
(784, 'Crystal Lloyd', '106-474-9783', 'john26@example.com', 'admin'),
(785, 'Tracey Schmitt', '794-700-8411', 'zoconnor@example.org', 'teacher'),
(786, 'Nicole Garner', '656-454-5400', 'evansjoseph@example.org', 'teacher'),
(787, 'Robert Zamora', '781-474-2490', 'ecarson@example.net', 'admin'),
(788, 'Robert Kim', '413-535-1237', 'aobrien@example.com', 'admin'),
(789, 'Jerome Thompson', '637-367-2962', 'youngsonia@example.com', 'student'),
(790, 'Whitney Randall', '274-518-6452', 'cindy91@example.com', 'teacher'),
(791, 'Jay Brown', '866-288-8809', 'hamiltonchristian@example.org', 'admin'),
(792, 'Scott Mendez', '370-951-4154', 'vickiecantu@example.com', 'admin'),
(793, 'Tyler Mcguire', '805-435-2435', 'omarmills@example.net', 'student'),
(794, 'Linda Tyler', '271-579-9939', 'annetteadkins@example.org', 'student'),
(795, 'Evan Washington', '128-867-2978', 'daniel82@example.org', 'student'),
(796, 'Martha Barker', '460-328-7423', 'jerryfranklin@example.org', 'admin'),
(797, 'Suzanne Martin', '219-683-5869', 'cardenaslauren@example.com', 'admin'),
(798, 'George Davis', '942-839-1719', 'stephaniehunt@example.net', 'teacher'),
(799, 'Mary Deleon', '609-979-9370', 'edwingross@example.net', 'teacher'),
(800, 'Maria Morales', '782-816-4208', 'markwagner@example.net', 'teacher'),
(801, 'Jennifer Smith', '939-102-5579', 'perezmariah@example.com', 'student'),
(802, 'Paul White', '306-242-4001', 'janetbell@example.org', 'admin'),
(803, 'Cameron Castro', '415-558-1220', 'tiffany62@example.com', 'student'),
(804, 'Michael Norton', '585-936-5449', 'nmaxwell@example.org', 'student'),
(805, 'Andrew Harrison', '389-631-5663', 'parkermonica@example.net', 'student'),
(806, 'Taylor Hicks PhD', '705-373-6275', 'montgomerysandra@example.com', 'admin'),
(807, 'Michael Mccarthy', '202-661-4875', 'yluna@example.com', 'admin'),
(808, 'Stacey Taylor', '150-537-5420', 'loveandrea@example.com', 'teacher'),
(809, 'Carrie Ball', '817-638-1886', 'smithtiffany@example.org', 'student'),
(810, 'Arthur Turner', '920-440-4279', 'regina19@example.org', 'admin'),
(811, 'Colin Solomon', '799-773-4267', 'chad49@example.net', 'teacher'),
(812, 'Andrew Blair', '744-833-3951', 'burkepamela@example.org', 'admin'),
(813, 'Abigail Nguyen', '219-309-8770', 'hinesmichael@example.org', 'admin'),
(814, 'Alyssa Frank', '402-817-1967', 'kevin60@example.com', 'teacher'),
(815, 'Karen Lopez', '656-637-6197', 'kristinsmith@example.com', 'teacher'),
(816, 'Jamie Schmidt', '747-761-3710', 'sconway@example.org', 'teacher'),
(817, 'Aaron Rose', '241-948-4584', 'zkane@example.org', 'student'),
(818, 'Kelsey Rich', '120-690-9129', 'ykelly@example.org', 'teacher'),
(819, 'Kevin Esparza', '452-718-3752', 'jason64@example.net', 'student'),
(820, 'Jennifer Wright', '960-668-8473', 'qkim@example.com', 'teacher'),
(821, 'Jason Taylor', '407-482-9793', 'smithjacob@example.net', 'teacher'),
(822, 'Jorge Powell', '466-140-7870', 'brownluis@example.org', 'admin'),
(823, 'Stacey Schwartz', '450-649-1602', 'kbrown@example.com', 'student'),
(824, 'Colleen Lambert', '957-224-4270', 'brian56@example.com', 'admin'),
(825, 'David Lamb', '625-161-6823', 'boydsummer@example.org', 'teacher'),
(826, 'Heather Perry', '715-822-1803', 'madeline15@example.com', 'teacher'),
(827, 'Joshua Jones', '974-126-8468', 'brittanybond@example.com', 'teacher'),
(828, 'Megan Schmidt', '769-385-7070', 'jallen@example.org', 'teacher'),
(829, 'Christina Hart', '856-194-3336', 'kmalone@example.com', 'student'),
(830, 'Jill Zavala', '351-937-8002', 'shanetaylor@example.com', 'admin'),
(831, 'Sandra Miller', '676-707-5040', 'chaveztiffany@example.net', 'admin'),
(832, 'Kyle Davis', '240-282-3207', 'sgarcia@example.net', 'admin'),
(833, 'Brittney Long', '477-186-5176', 'ecampbell@example.net', 'teacher'),
(834, 'Mark Owen', '441-135-2799', 'jameslevi@example.com', 'teacher'),
(835, 'Stephanie Young', '845-352-4227', 'mitchelldakota@example.net', 'admin'),
(836, 'Dakota Wade', '756-691-3217', 'danielhawkins@example.com', 'student'),
(837, 'Tonya Lane', '522-696-6166', 'amy71@example.com', 'teacher'),
(838, 'Lisa Davis', '180-567-3802', 'troy05@example.net', 'teacher'),
(839, 'Regina Lambert', '328-253-9403', 'williamneal@example.net', 'admin'),
(840, 'Jason Allen', '774-570-4451', 'smithmichael@example.com', 'teacher'),
(841, 'Kristin Padilla', '227-254-1139', 'wilsonapril@example.net', 'admin'),
(842, 'Tara Phillips', '312-944-6970', 'andersonsusan@example.com', 'admin'),
(843, 'Shannon Gould', '749-859-3479', 'brendanromero@example.com', 'teacher'),
(844, 'Ronald Mueller', '990-500-9328', 'whitetimothy@example.net', 'teacher'),
(845, 'Marvin Wolfe', '239-345-5065', 'yangdanielle@example.org', 'teacher'),
(846, 'Henry Nelson', '464-460-9549', 'simonthomas@example.com', 'teacher'),
(847, 'Michael Frye', '398-435-7679', 'whitemichael@example.net', 'student'),
(848, 'Jeremy Hernandez DDS', '545-836-1259', 'ngarner@example.com', 'admin'),
(849, 'Alison Fields', '517-624-7015', 'emmajones@example.org', 'admin'),
(850, 'Chelsea Cunningham', '372-542-5651', 'tbenson@example.com', 'teacher'),
(851, 'Jacob Fisher', '681-523-3163', 'michael46@example.net', 'admin'),
(852, 'Shane Reyes', '322-673-2368', 'jasmine72@example.org', 'admin'),
(853, 'Lisa Richardson', '984-546-7516', 'carla74@example.net', 'admin'),
(854, 'Randall Bautista', '819-319-4539', 'shelbysaunders@example.org', 'teacher'),
(855, 'Megan Kirby', '511-813-5205', 'lwilson@example.com', 'admin'),
(856, 'Travis Jackson', '804-244-1087', 'ehernandez@example.org', 'teacher'),
(857, 'Scott Le', '330-472-8960', 'paigebrown@example.org', 'teacher'),
(858, 'David Luna', '806-574-9670', 'lindsay51@example.org', 'teacher'),
(859, 'Mr. Craig Perez', '899-410-1936', 'josephtimothy@example.net', 'admin'),
(860, 'Lauren Johnson', '411-502-8882', 'jmartinez@example.com', 'student'),
(861, 'Zachary Smith', '856-563-3434', 'jason39@example.com', 'student'),
(862, 'Valerie Preston', '716-477-7477', 'ryan20@example.net', 'student'),
(863, 'Mr. Timothy Butler', '349-426-8893', 'vickiejennings@example.net', 'student'),
(864, 'Jeremiah Wheeler', '512-124-1545', 'tlynch@example.org', 'admin'),
(865, 'Daniel Valencia', '337-700-6182', 'christinemaldonado@example.net', 'teacher'),
(866, 'Samantha Lopez', '695-725-5663', 'duffyjohn@example.net', 'teacher'),
(867, 'Chase Reynolds', '684-800-2491', 'mccallrachel@example.net', 'student'),
(868, 'Alan Christian', '756-212-7311', 'nathanwilliams@example.org', 'admin'),
(869, 'Judith Thomas', '679-328-2893', 'eric86@example.com', 'admin'),
(870, 'Michelle Garrison', '806-708-8387', 'rjohnson@example.net', 'admin'),
(871, 'Deborah Davis', '873-956-2621', 'stephanie61@example.net', 'student'),
(872, 'Harold Russell', '652-449-7236', 'acallahan@example.org', 'student'),
(873, 'Judith Bridges', '578-783-2382', 'rachel06@example.net', 'admin'),
(874, 'Linda Hicks', '924-397-3521', 'samuelyork@example.com', 'admin'),
(875, 'Justin Villarreal', '701-192-9931', 'mccartynoah@example.net', 'student'),
(876, 'Tyrone Evans', '836-190-8827', 'hchavez@example.com', 'student'),
(877, 'Margaret Mccoy', '792-732-2087', 'michael50@example.org', 'admin'),
(878, 'Kimberly Wallace', '785-756-8202', 'jesus33@example.com', 'teacher'),
(879, 'William Smith', '449-731-8145', 'shannonbradshaw@example.org', 'admin'),
(880, 'Mark Leblanc', '562-956-6818', 'brianwhite@example.com', 'admin'),
(881, 'Erica Cameron', '102-207-3690', 'barbarawright@example.org', 'admin'),
(882, 'Heather Hernandez', '692-301-9480', 'shelley25@example.net', 'admin'),
(883, 'Bethany Mclaughlin', '941-202-2336', 'zgordon@example.com', 'admin'),
(884, 'David Hernandez', '157-314-7561', 'wallacechristopher@example.net', 'student'),
(885, 'Jennifer Hicks', '846-832-3422', 'hawkinsmatthew@example.com', 'student'),
(886, 'Gregory Gonzalez', '857-884-5656', 'sharon26@example.net', 'teacher'),
(887, 'Patricia Ramos', '436-494-2490', 'leerandall@example.com', 'student'),
(888, 'Christian Goodman', '827-463-2313', 'haroldhall@example.net', 'student'),
(889, 'John Nelson', '494-956-1250', 'kconrad@example.org', 'student'),
(890, 'Lindsay Johnston', '544-920-7589', 'crystalramos@example.com', 'teacher'),
(891, 'Courtney Johnson', '401-263-4658', 'crystal78@example.org', 'admin'),
(892, 'Anthony Bass', '787-189-8496', 'justin47@example.net', 'admin'),
(893, 'Paul Tanner', '973-139-2327', 'jonesjason@example.org', 'teacher'),
(894, 'Calvin Allen', '511-655-8571', 'elizabeth08@example.org', 'admin'),
(895, 'Cynthia Young', '945-295-2951', 'thompsonkristina@example.org', 'admin'),
(896, 'Colleen Conrad MD', '445-812-2162', 'michael07@example.net', 'admin'),
(897, 'Theresa Cooper MD', '117-111-1033', 'tranangela@example.org', 'teacher'),
(898, 'Betty Carr', '860-103-8873', 'brian11@example.com', 'student'),
(899, 'Omar Willis', '958-300-5678', 'adamhall@example.net', 'admin'),
(900, 'David Black', '987-319-8729', 'christopherbrown@example.net', 'teacher'),
(901, 'Susan Dean', '371-939-2904', 'adrianapeck@example.net', 'teacher'),
(902, 'Frances King', '398-218-2291', 'thompsonjillian@example.com', 'student'),
(903, 'Thomas Adams', '331-177-3740', 'plogan@example.com', 'student'),
(904, 'Natasha Rios MD', '462-451-3018', 'bruiz@example.net', 'admin'),
(905, 'Penny Carney', '205-753-9879', 'ryan99@example.org', 'admin'),
(906, 'Dana Brown', '712-514-3460', 'briana44@example.com', 'admin'),
(907, 'Toni Ortiz', '405-736-7684', 'ayalaerin@example.com', 'student'),
(908, 'Joanna Rivera', '582-720-8488', 'benjaminrebecca@example.net', 'teacher'),
(909, 'Terri Davis', '571-262-7265', 'bgonzales@example.com', 'teacher'),
(910, 'Jacqueline Johnson', '277-433-8704', 'brad13@example.net', 'teacher'),
(911, 'Donald Palmer', '390-624-4836', 'shawn40@example.com', 'teacher'),
(912, 'Tonya Gutierrez', '433-635-5018', 'alisonhanna@example.net', 'student'),
(913, 'Ashley Warner', '358-393-8610', 'etrevino@example.org', 'admin'),
(914, 'Susan Williams', '416-315-2893', 'jackie02@example.com', 'teacher'),
(915, 'James Waters', '970-290-3433', 'lauriemathis@example.com', 'teacher'),
(916, 'William Mathews', '985-828-3310', 'jonathan56@example.com', 'teacher'),
(917, 'James Swanson', '985-150-5120', 'swallace@example.org', 'teacher'),
(918, 'Donna Smith', '184-167-1304', 'nancyjames@example.com', 'admin'),
(919, 'Marissa Shelton', '575-437-2706', 'sharon80@example.net', 'teacher'),
(920, 'Lawrence Branch', '274-539-3347', 'evelasquez@example.org', 'student'),
(921, 'Jason Smith', '557-392-6195', 'meadowsrichard@example.net', 'teacher'),
(922, 'Garrett Brown', '482-129-5802', 'nryan@example.org', 'admin'),
(923, 'Jason Mccarthy', '901-602-6424', 'wwright@example.net', 'student'),
(924, 'Katelyn Smith', '431-656-5382', 'stephenirwin@example.org', 'teacher'),
(925, 'Anthony Jacobs', '400-136-4369', 'cdavis@example.net', 'student'),
(926, 'Alison Murphy', '686-325-8005', 'esmith@example.net', 'teacher'),
(927, 'Jenny Page', '496-187-1621', 'stanleylauren@example.org', 'admin'),
(928, 'Denise Calhoun', '416-635-7948', 'onoble@example.net', 'admin'),
(929, 'Joanne Lambert', '501-209-9226', 'cherylriley@example.org', 'student'),
(930, 'Kimberly Turner', '239-407-4817', 'lsingh@example.org', 'student'),
(931, 'Sonya Lopez', '481-732-3156', 'heathermcguire@example.net', 'admin'),
(932, 'Sandra Weeks', '789-302-3611', 'jessica89@example.org', 'teacher'),
(933, 'Richard Evans', '197-836-4550', 'yalvarado@example.net', 'teacher'),
(934, 'Timothy Simpson', '509-906-5898', 'yvonneferrell@example.com', 'student'),
(935, 'Sarah Smith', '991-237-9893', 'carmengibson@example.net', 'teacher'),
(936, 'Michael Farley', '111-244-8004', 'craigjohnson@example.org', 'teacher'),
(937, 'Leslie Mcmillan', '154-268-8190', 'andersonanna@example.org', 'student'),
(938, 'Keith Santos', '931-127-2627', 'natalie70@example.com', 'admin'),
(939, 'Eric Jones MD', '634-711-9145', 'james91@example.com', 'student'),
(940, 'Sharon Mcconnell', '834-482-6228', 'eturner@example.com', 'student'),
(941, 'Arthur Walker', '511-710-9969', 'montgomerymaria@example.net', 'admin'),
(942, 'Joseph Lee', '288-632-7786', 'rfernandez@example.org', 'teacher'),
(943, 'Jason Howard', '477-883-8332', 'ohodges@example.org', 'admin'),
(944, 'Linda Hunter', '714-100-8653', 'jakeklein@example.com', 'admin'),
(945, 'Alvin Lopez', '367-699-6940', 'nicole96@example.com', 'admin'),
(946, 'Kellie Rhodes', '877-280-9305', 'shawnfox@example.org', 'student'),
(947, 'Steven Taylor MD', '284-774-8212', 'lwhite@example.net', 'student'),
(948, 'Bradley Patel', '917-856-6687', 'thomas13@example.org', 'admin'),
(949, 'Mrs. Stacy Travis', '692-898-2719', 'nelsongrant@example.org', 'student'),
(950, 'Jacob Wilson', '184-737-4648', 'belinda66@example.org', 'teacher'),
(951, 'Nathaniel Fisher', '941-986-5390', 'anthony47@example.net', 'teacher'),
(952, 'Susan Chandler', '330-806-3972', 'ocook@example.com', 'student'),
(953, 'Daniel Boyd', '190-856-6567', 'hcarter@example.net', 'admin'),
(954, 'Stephanie Baker', '755-760-3941', 'rparker@example.net', 'admin'),
(955, 'Heather Young', '651-669-2851', 'campbelladam@example.com', 'admin'),
(956, 'Peter Eaton', '165-419-4826', 'michelle24@example.net', 'admin'),
(957, 'Rachel Wood', '509-103-3603', 'xrandall@example.org', 'student'),
(958, 'Mrs. Kathy Thomas', '958-780-7991', 'christiannathan@example.net', 'teacher'),
(959, 'Kenneth Rhodes', '731-166-1056', 'awilson@example.org', 'teacher'),
(960, 'Cynthia Martinez', '930-260-4014', 'murrayscott@example.com', 'student'),
(961, 'Emily Beard', '831-577-7770', 'rhonda08@example.net', 'student'),
(962, 'Lindsay Norman', '361-123-6707', 'richard84@example.net', 'teacher'),
(963, 'Vickie Brooks', '808-226-7902', 'kristen98@example.com', 'admin'),
(964, 'Patrick Tucker', '515-745-5159', 'rodneywelch@example.com', 'admin'),
(965, 'Rose Leonard', '735-900-8786', 'curtischeryl@example.org', 'admin'),
(966, 'Pamela Cooper', '429-653-4703', 'curtis95@example.net', 'student'),
(967, 'John Tucker', '162-283-7563', 'justin23@example.com', 'student'),
(968, 'Sharon Smith', '491-247-8952', 'ihale@example.org', 'student'),
(969, 'Brandon Walsh', '672-906-4742', 'brianrice@example.org', 'teacher'),
(970, 'Kevin Gross', '419-861-9059', 'victoriaanderson@example.org', 'student'),
(971, 'Sean Sheppard', '796-616-1203', 'clarkedward@example.net', 'admin'),
(972, 'Edward Harrison', '247-850-7304', 'christina73@example.com', 'student'),
(973, 'Sharon Chen', '152-203-5626', 'andrea28@example.org', 'admin'),
(974, 'Molly Brown', '821-223-8214', 'ydaniels@example.net', 'teacher'),
(975, 'Andrea Weaver MD', '188-962-2992', 'cookjames@example.net', 'teacher'),
(976, 'Kyle Rodriguez', '601-832-7607', 'eddie03@example.org', 'teacher'),
(977, 'Tiffany Allen', '257-269-4556', 'branchdana@example.com', 'teacher'),
(978, 'Richard Perez', '953-525-4358', 'melanie44@example.org', 'admin'),
(979, 'Karen Boyer', '464-193-4968', 'katherine51@example.com', 'admin'),
(980, 'Gary Mendez', '836-133-4621', 'gailsanchez@example.com', 'student'),
(981, 'Travis Hayden', '452-822-8664', 'vreynolds@example.org', 'teacher'),
(982, 'Robert Foster', '649-658-8468', 'linda98@example.org', 'teacher'),
(983, 'Sarah Taylor', '294-642-4143', 'joshua33@example.net', 'admin'),
(984, 'Maria Combs', '561-918-9831', 'justin24@example.org', 'teacher'),
(985, 'Sarah Mccann', '921-191-1611', 'michael70@example.net', 'student'),
(986, 'Michelle Weiss', '862-353-5732', 'tranjessica@example.com', 'admin'),
(987, 'Renee Travis', '875-648-9208', 'chelseypatton@example.com', 'teacher'),
(988, 'Karen Mccarty', '870-668-8427', 'gabrielle67@example.net', 'teacher'),
(989, 'Lisa Nelson', '694-266-6786', 'richardsmichelle@example.org', 'teacher'),
(990, 'Victor Hill', '373-136-8638', 'walterhughes@example.com', 'admin'),
(991, 'Becky Carr', '780-204-4012', 'jamie32@example.com', 'admin'),
(992, 'James Contreras', '965-243-1715', 'laguilar@example.org', 'student'),
(993, 'Jason Vega', '751-968-5528', 'stephaniefreeman@example.org', 'admin'),
(994, 'Heather Davis', '599-597-7231', 'melinda64@example.org', 'student'),
(995, 'Alfred Sandoval', '445-800-9789', 'timothycooley@example.com', 'teacher'),
(996, 'Teresa Shelton', '862-638-6005', 'travisbaker@example.net', 'teacher'),
(997, 'Emily Carter', '443-623-6396', 'david46@example.net', 'student'),
(998, 'Tara Lucas', '103-666-7348', 'marchanson@example.com', 'student'),
(999, 'David Brown', '724-911-6433', 'karen84@example.org', 'admin'),
(1000, 'Raymond Nguyen', '482-220-3191', 'judithwood@example.net', 'student');

-- --------------------------------------------------------

--
-- Table structure for table `student`
--

CREATE TABLE `student` (
  `people_id` int(11) NOT NULL,
  `id` int(11) NOT NULL,
  `current_subject1` varchar(100) DEFAULT NULL,
  `current_subject2` varchar(100) DEFAULT NULL,
  `previous_subject1` varchar(100) DEFAULT NULL,
  `previous_subject2` varchar(100) DEFAULT NULL
) ENGINE=InnoDB DEFAULT CHARSET=utf8mb4 COLLATE=utf8mb4_general_ci;

--
-- Dumping data for table `student`
--

INSERT INTO `student` (`people_id`, `id`, `current_subject1`, `current_subject2`, `previous_subject1`, `previous_subject2`) VALUES
(6, 1, 'Chemistry', 'Mathematics', 'Mathematics', 'History'),
(9, 2, 'Music', 'English', 'Mathematics', 'Physics'),
(12, 3, 'Mathematics', 'English', 'Physics', 'Art'),
(16, 4, 'Geography', 'History', 'Physics', 'Biology'),
(21, 5, 'Art', 'Physics', 'Mathematics', 'Art'),
(23, 6, 'Physics', 'Biology', 'Mathematics', 'Music'),
(24, 7, 'History', 'History', 'Music', 'Art'),
(29, 8, 'Music', 'Physics', 'Biology', 'Geography'),
(31, 9, 'English', 'Chemistry', 'Mathematics', 'Mathematics'),
(32, 10, 'Mathematics', 'Physics', 'Mathematics', 'Art'),
(34, 11, 'Chemistry', 'English', 'Art', 'Chemistry'),
(36, 12, 'Biology', 'Physics', 'Biology', 'Geography'),
(38, 13, 'English', 'Geography', 'Art', 'Biology'),
(45, 14, 'Chemistry', 'History', 'Geography', 'Physics'),
(47, 15, 'Art', 'English', 'History', 'Chemistry'),
(48, 16, 'Biology', 'Music', 'Chemistry', 'English'),
(49, 17, 'English', 'History', 'Chemistry', 'Music'),
(50, 18, 'Physics', 'Music', 'Chemistry', 'Physics'),
(51, 19, 'Physics', 'Chemistry', 'Music', 'History'),
(52, 20, 'Music', 'Geography', 'History', 'Physics'),
(53, 21, 'Music', 'History', 'Art', 'Mathematics'),
(54, 22, 'Mathematics', 'Geography', 'Geography', 'History'),
(55, 23, 'Chemistry', 'Geography', 'Biology', 'History'),
(58, 24, 'Music', 'Art', 'Mathematics', 'Physics'),
(59, 25, 'Biology', 'English', 'Physics', 'Geography'),
(60, 26, 'Mathematics', 'Biology', 'Music', 'Music'),
(62, 27, 'Mathematics', 'Biology', 'History', 'Chemistry'),
(63, 28, 'English', 'Art', 'Physics', 'Music'),
(64, 29, 'Chemistry', 'Physics', 'Physics', 'Physics'),
(67, 30, 'History', 'Physics', 'Art', 'Music'),
(68, 31, 'History', 'Chemistry', 'Music', 'English'),
(70, 32, 'Geography', 'History', 'History', 'Mathematics'),
(71, 33, 'Chemistry', 'Mathematics', 'Physics', 'History'),
(74, 34, 'Chemistry', 'Chemistry', 'Mathematics', 'Physics'),
(75, 35, 'Music', 'Chemistry', 'Mathematics', 'Mathematics'),
(79, 36, 'Biology', 'Music', 'Chemistry', 'History'),
(87, 37, 'Chemistry', 'Mathematics', 'English', 'Physics'),
(88, 38, 'Physics', 'History', 'Music', 'Geography'),
(93, 39, 'English', 'Art', 'Chemistry', 'Chemistry'),
(102, 40, 'Geography', 'English', 'Geography', 'Music'),
(103, 41, 'Chemistry', 'English', 'Music', 'Mathematics'),
(104, 42, 'English', 'Art', 'English', 'Music'),
(105, 43, 'Mathematics', 'Chemistry', 'Mathematics', 'Music'),
(106, 44, 'Physics', 'Chemistry', 'History', 'Chemistry'),
(109, 45, 'Art', 'Chemistry', 'Chemistry', 'Geography'),
(112, 46, 'Geography', 'Biology', 'English', 'Mathematics'),
(114, 47, 'Geography', 'Music', 'Biology', 'Biology'),
(121, 48, 'Art', 'Physics', 'Mathematics', 'Mathematics'),
(122, 49, 'Biology', 'History', 'Music', 'Music'),
(124, 50, 'Mathematics', 'Chemistry', 'English', 'History'),
(128, 51, 'Art', 'Chemistry', 'Mathematics', 'English'),
(133, 52, 'Chemistry', 'Art', 'Physics', 'English'),
(135, 53, 'Chemistry', 'Biology', 'Art', 'Chemistry'),
(144, 54, 'Music', 'Geography', 'Geography', 'Music'),
(146, 55, 'Chemistry', 'Biology', 'Music', 'Music'),
(149, 56, 'English', 'Biology', 'Mathematics', 'Geography'),
(150, 57, 'Art', 'History', 'Music', 'Mathematics'),
(154, 58, 'Physics', 'Mathematics', 'Geography', 'Geography'),
(156, 59, 'Mathematics', 'Art', 'Art', 'Art'),
(157, 60, 'Art', 'Physics', 'Geography', 'Art'),
(159, 61, 'Mathematics', 'English', 'History', 'Music'),
(164, 62, 'Music', 'History', 'Art', 'Chemistry'),
(166, 63, 'Physics', 'Chemistry', 'History', 'Art'),
(168, 64, 'English', 'Mathematics', 'History', 'Art'),
(169, 65, 'Chemistry', 'Chemistry', 'Mathematics', 'History'),
(170, 66, 'Physics', 'English', 'Art', 'Geography'),
(171, 67, 'Geography', 'Art', 'Physics', 'Biology'),
(172, 68, 'Geography', 'Chemistry', 'Music', 'History'),
(174, 69, 'Chemistry', 'Art', 'Biology', 'Music'),
(175, 70, 'Art', 'History', 'Geography', 'Music'),
(183, 71, 'Mathematics', 'Art', 'English', 'Mathematics'),
(186, 72, 'Physics', 'Mathematics', 'Mathematics', 'Physics'),
(187, 73, 'History', 'Biology', 'Music', 'Chemistry'),
(189, 74, 'Chemistry', 'History', 'Physics', 'Art'),
(195, 75, 'Music', 'Chemistry', 'Biology', 'History'),
(198, 76, 'Chemistry', 'Mathematics', 'Art', 'Music'),
(201, 77, 'English', 'Art', 'Chemistry', 'Mathematics'),
(202, 78, 'Physics', 'History', 'Music', 'Biology'),
(205, 79, 'Music', 'Biology', 'History', 'History'),
(207, 80, 'Music', 'Art', 'History', 'Biology'),
(220, 81, 'Music', 'Physics', 'English', 'History'),
(222, 82, 'Mathematics', 'English', 'Music', 'Physics'),
(224, 83, 'Chemistry', 'Music', 'Biology', 'Biology'),
(227, 84, 'Physics', 'Biology', 'Geography', 'Mathematics'),
(229, 85, 'English', 'History', 'English', 'English'),
(232, 86, 'Physics', 'Physics', 'English', 'Biology'),
(233, 87, 'Art', 'Art', 'Mathematics', 'Biology'),
(235, 88, 'Geography', 'History', 'Geography', 'History'),
(239, 89, 'Art', 'Physics', 'Art', 'Chemistry'),
(242, 90, 'Mathematics', 'Geography', 'Biology', 'English'),
(243, 91, 'Physics', 'Art', 'Mathematics', 'Mathematics'),
(244, 92, 'Music', 'History', 'English', 'English'),
(246, 93, 'History', 'Physics', 'Chemistry', 'Mathematics'),
(249, 94, 'Music', 'Music', 'Physics', 'Geography'),
(252, 95, 'Geography', 'Physics', 'Geography', 'Chemistry'),
(254, 96, 'English', 'Mathematics', 'Geography', 'Geography'),
(255, 97, 'Music', 'Physics', 'Art', 'Chemistry'),
(260, 98, 'Physics', 'Physics', 'Art', 'Music'),
(269, 99, 'Biology', 'Biology', 'English', 'Music'),
(272, 100, 'Physics', 'Chemistry', 'Physics', 'Chemistry'),
(275, 101, 'Chemistry', 'Mathematics', 'Music', 'Mathematics'),
(277, 102, 'Geography', 'Physics', 'History', 'Art'),
(283, 103, 'Biology', 'Mathematics', 'Geography', 'Geography'),
(285, 104, 'Physics', 'Biology', 'Art', 'Art'),
(286, 105, 'Geography', 'Chemistry', 'English', 'Mathematics'),
(291, 106, 'Physics', 'Biology', 'Geography', 'Biology'),
(294, 107, 'Geography', 'English', 'Chemistry', 'History'),
(295, 108, 'Geography', 'Mathematics', 'Mathematics', 'Music'),
(296, 109, 'Mathematics', 'Art', 'Music', 'Geography'),
(298, 110, 'English', 'Art', 'Chemistry', 'Art'),
(299, 111, 'Chemistry', 'Physics', 'Mathematics', 'English'),
(302, 112, 'Biology', 'Chemistry', 'Chemistry', 'Biology'),
(304, 113, 'History', 'Physics', 'Music', 'Chemistry'),
(305, 114, 'Mathematics', 'Mathematics', 'Mathematics', 'English'),
(310, 115, 'Biology', 'Chemistry', 'Biology', 'Biology'),
(311, 116, 'Mathematics', 'English', 'Geography', 'Biology'),
(313, 117, 'Biology', 'Music', 'Chemistry', 'Biology'),
(315, 118, 'Biology', 'Music', 'Art', 'Mathematics'),
(316, 119, 'Mathematics', 'Music', 'English', 'English'),
(318, 120, 'History', 'Biology', 'Mathematics', 'Art'),
(319, 121, 'English', 'Music', 'Chemistry', 'Mathematics'),
(329, 122, 'Mathematics', 'Geography', 'Geography', 'Mathematics'),
(331, 123, 'Art', 'Physics', 'Physics', 'Geography'),
(340, 124, 'Biology', 'Biology', 'History', 'Geography'),
(341, 125, 'Physics', 'Geography', 'English', 'Physics'),
(346, 126, 'Chemistry', 'History', 'Music', 'English'),
(347, 127, 'Mathematics', 'Geography', 'Geography', 'Biology'),
(356, 128, 'Geography', 'Biology', 'Music', 'Mathematics'),
(365, 129, 'History', 'Art', 'Music', 'Geography'),
(369, 130, 'Physics', 'Mathematics', 'Biology', 'Biology'),
(372, 131, 'Physics', 'Mathematics', 'Chemistry', 'Chemistry'),
(374, 132, 'Physics', 'Geography', 'Geography', 'Mathematics'),
(375, 133, 'English', 'Physics', 'Art', 'English'),
(377, 134, 'Music', 'English', 'Biology', 'Chemistry'),
(384, 135, 'History', 'Mathematics', 'Music', 'Physics'),
(387, 136, 'Geography', 'Mathematics', 'Mathematics', 'Art'),
(392, 137, 'Art', 'English', 'Physics', 'Geography'),
(393, 138, 'Geography', 'Geography', 'Biology', 'Physics'),
(411, 139, 'English', 'Geography', 'Art', 'Chemistry'),
(412, 140, 'Art', 'Physics', 'Biology', 'History'),
(419, 141, 'Art', 'Biology', 'Geography', 'English'),
(421, 142, 'Art', 'Physics', 'Music', 'Mathematics'),
(424, 143, 'Biology', 'Geography', 'Music', 'Music'),
(426, 144, 'English', 'Geography', 'Biology', 'History'),
(431, 145, 'Geography', 'Music', 'Art', 'Music'),
(433, 146, 'Music', 'Physics', 'Chemistry', 'Chemistry'),
(437, 147, 'Geography', 'Chemistry', 'Mathematics', 'Music'),
(440, 148, 'Art', 'Art', 'Geography', 'Physics'),
(441, 149, 'Mathematics', 'Chemistry', 'Art', 'Art'),
(443, 150, 'Art', 'History', 'Biology', 'English'),
(446, 151, 'Art', 'English', 'Geography', 'Chemistry'),
(447, 152, 'Mathematics', 'Geography', 'English', 'Music'),
(449, 153, 'English', 'Geography', 'Music', 'History'),
(450, 154, 'Physics', 'Geography', 'English', 'Physics'),
(451, 155, 'Mathematics', 'Art', 'Biology', 'Biology'),
(452, 156, 'Geography', 'Mathematics', 'Art', 'Music'),
(455, 157, 'History', 'History', 'English', 'Biology'),
(456, 158, 'Biology', 'English', 'Music', 'Physics'),
(459, 159, 'History', 'Biology', 'Mathematics', 'Physics'),
(460, 160, 'Mathematics', 'Geography', 'Geography', 'Physics'),
(461, 161, 'Music', 'History', 'Art', 'Mathematics'),
(462, 162, 'Biology', 'Mathematics', 'History', 'History'),
(466, 163, 'Mathematics', 'History', 'Geography', 'Biology'),
(479, 164, 'Mathematics', 'Chemistry', 'Mathematics', 'English'),
(482, 165, 'Geography', 'Music', 'English', 'Mathematics'),
(485, 166, 'Geography', 'Art', 'History', 'Music'),
(486, 167, 'English', 'Mathematics', 'Geography', 'English'),
(493, 168, 'Mathematics', 'Biology', 'Geography', 'English'),
(497, 169, 'History', 'Mathematics', 'English', 'Biology'),
(501, 170, 'English', 'Mathematics', 'Geography', 'Art'),
(502, 171, 'Biology', 'Geography', 'English', 'Music'),
(503, 172, 'Geography', 'English', 'Music', 'English'),
(507, 173, 'Physics', 'English', 'Chemistry', 'Art'),
(508, 174, 'Art', 'Music', 'Physics', 'Geography'),
(510, 175, 'Geography', 'Biology', 'Biology', 'Biology'),
(514, 176, 'Geography', 'Music', 'Chemistry', 'Art'),
(517, 177, 'History', 'Mathematics', 'Music', 'Physics'),
(523, 178, 'Mathematics', 'Biology', 'Geography', 'Chemistry'),
(525, 179, 'Music', 'English', 'English', 'Geography'),
(530, 180, 'Physics', 'Physics', 'Geography', 'Biology'),
(533, 181, 'Mathematics', 'History', 'History', 'Chemistry'),
(535, 182, 'Music', 'Art', 'Chemistry', 'Geography'),
(539, 183, 'Music', 'Physics', 'Biology', 'Biology'),
(545, 184, 'Physics', 'English', 'Physics', 'Mathematics'),
(548, 185, 'Mathematics', 'Physics', 'Music', 'Mathematics'),
(549, 186, 'Geography', 'Chemistry', 'Music', 'Music'),
(550, 187, 'Music', 'Music', 'Music', 'Chemistry'),
(553, 188, 'History', 'Physics', 'Chemistry', 'History'),
(561, 189, 'Music', 'Geography', 'Physics', 'Geography'),
(562, 190, 'Biology', 'Mathematics', 'Physics', 'English'),
(564, 191, 'Art', 'Physics', 'Music', 'Geography'),
(565, 192, 'Music', 'Biology', 'Art', 'Geography'),
(571, 193, 'English', 'Chemistry', 'Chemistry', 'English'),
(572, 194, 'History', 'History', 'Chemistry', 'Mathematics'),
(573, 195, 'English', 'Music', 'English', 'Biology'),
(576, 196, 'English', 'Music', 'Art', 'History'),
(577, 197, 'History', 'Music', 'English', 'Biology'),
(579, 198, 'Chemistry', 'Music', 'Music', 'Physics'),
(582, 199, 'Music', 'History', 'Chemistry', 'English'),
(583, 200, 'Art', 'Geography', 'Music', 'History'),
(587, 201, 'English', 'Biology', 'History', 'History'),
(588, 202, 'Chemistry', 'Biology', 'Art', 'Chemistry'),
(593, 203, 'English', 'English', 'Physics', 'Chemistry'),
(594, 204, 'Biology', 'Chemistry', 'Geography', 'Art'),
(597, 205, 'English', 'Physics', 'Mathematics', 'Geography'),
(603, 206, 'Biology', 'Music', 'Biology', 'Music'),
(606, 207, 'Biology', 'Art', 'History', 'Biology'),
(610, 208, 'Chemistry', 'Chemistry', 'Geography', 'Biology'),
(613, 209, 'English', 'Geography', 'Biology', 'Chemistry'),
(615, 210, 'Geography', 'History', 'English', 'Music'),
(616, 211, 'Chemistry', 'Physics', 'Biology', 'History'),
(617, 212, 'History', 'History', 'Art', 'Physics'),
(618, 213, 'Biology', 'Physics', 'Chemistry', 'Biology'),
(619, 214, 'Geography', 'English', 'Art', 'English'),
(620, 215, 'Art', 'Geography', 'Art', 'Physics'),
(621, 216, 'Art', 'Geography', 'Mathematics', 'Physics'),
(622, 217, 'Physics', 'Art', 'Chemistry', 'Biology'),
(627, 218, 'Music', 'English', 'Geography', 'Mathematics'),
(630, 219, 'Music', 'Biology', 'Chemistry', 'Music'),
(632, 220, 'Geography', 'Mathematics', 'Music', 'Chemistry'),
(633, 221, 'History', 'Art', 'Geography', 'Biology'),
(641, 222, 'Geography', 'Chemistry', 'History', 'Mathematics'),
(642, 223, 'Music', 'English', 'Chemistry', 'Physics'),
(648, 224, 'English', 'Music', 'Geography', 'Physics'),
(652, 225, 'Geography', 'Geography', 'Geography', 'History'),
(654, 226, 'Music', 'English', 'Chemistry', 'Music'),
(655, 227, 'Geography', 'Art', 'History', 'Music'),
(657, 228, 'Biology', 'Physics', 'Chemistry', 'English'),
(660, 229, 'Chemistry', 'Music', 'Physics', 'Geography'),
(661, 230, 'Geography', 'Mathematics', 'Geography', 'English'),
(662, 231, 'Music', 'English', 'Music', 'English'),
(666, 232, 'Biology', 'History', 'Physics', 'Chemistry'),
(667, 233, 'Chemistry', 'History', 'Art', 'History'),
(668, 234, 'Music', 'Chemistry', 'Mathematics', 'Mathematics'),
(669, 235, 'Biology', 'History', 'Chemistry', 'Chemistry'),
(672, 236, 'History', 'Art', 'Physics', 'Mathematics'),
(673, 237, 'Mathematics', 'Chemistry', 'Physics', 'History'),
(678, 238, 'Chemistry', 'History', 'Mathematics', 'English'),
(679, 239, 'Music', 'Art', 'Geography', 'Mathematics'),
(684, 240, 'Physics', 'History', 'Chemistry', 'Chemistry'),
(685, 241, 'Art', 'Chemistry', 'Biology', 'Geography'),
(687, 242, 'Geography', 'Geography', 'Physics', 'Biology'),
(688, 243, 'Physics', 'Biology', 'English', 'Mathematics'),
(691, 244, 'Art', 'Geography', 'Art', 'Art'),
(694, 245, 'Art', 'Geography', 'History', 'History'),
(697, 246, 'Mathematics', 'Biology', 'Biology', 'English'),
(700, 247, 'Physics', 'Biology', 'Music', 'Mathematics'),
(703, 248, 'Mathematics', 'English', 'Physics', 'Geography'),
(707, 249, 'History', 'Geography', 'Mathematics', 'History'),
(708, 250, 'History', 'Art', 'History', 'Chemistry'),
(709, 251, 'Mathematics', 'Music', 'English', 'Geography'),
(711, 252, 'Art', 'Art', 'English', 'Geography'),
(714, 253, 'Chemistry', 'Chemistry', 'Biology', 'Biology'),
(716, 254, 'History', 'Geography', 'Music', 'Chemistry'),
(717, 255, 'Music', 'Chemistry', 'Mathematics', 'Geography'),
(718, 256, 'Physics', 'Chemistry', 'Art', 'English'),
(722, 257, 'Physics', 'Biology', 'Music', 'Art'),
(724, 258, 'Art', 'Biology', 'Biology', 'Geography'),
(725, 259, 'Mathematics', 'English', 'Music', 'English'),
(726, 260, 'Music', 'Music', 'Biology', 'Art'),
(734, 261, 'Geography', 'Biology', 'Art', 'Geography'),
(737, 262, 'Music', 'Geography', 'Chemistry', 'Geography'),
(738, 263, 'Physics', 'Biology', 'Art', 'Mathematics'),
(739, 264, 'Chemistry', 'Biology', 'History', 'Art'),
(740, 265, 'History', 'Mathematics', 'History', 'English'),
(748, 266, 'History', 'Music', 'Mathematics', 'Music'),
(749, 267, 'Physics', 'Chemistry', 'Geography', 'Chemistry'),
(750, 268, 'Music', 'Geography', 'History', 'Chemistry'),
(756, 269, 'Biology', 'Mathematics', 'Biology', 'English'),
(758, 270, 'Physics', 'Mathematics', 'English', 'Chemistry'),
(759, 271, 'Physics', 'Physics', 'Geography', 'Geography'),
(771, 272, 'History', 'Chemistry', 'Music', 'History'),
(775, 273, 'Art', 'Geography', 'History', 'Art'),
(780, 274, 'Physics', 'History', 'Geography', 'Geography'),
(781, 275, 'Chemistry', 'Music', 'Physics', 'Chemistry'),
(782, 276, 'Art', 'History', 'English', 'Music'),
(783, 277, 'Geography', 'Chemistry', 'Biology', 'Chemistry'),
(789, 278, 'Biology', 'Chemistry', 'Music', 'Biology'),
(793, 279, 'Mathematics', 'History', 'Mathematics', 'Art'),
(794, 280, 'Chemistry', 'Mathematics', 'Art', 'Chemistry'),
(795, 281, 'English', 'English', 'Music', 'Mathematics'),
(801, 282, 'History', 'Chemistry', 'Physics', 'Geography'),
(803, 283, 'Music', 'Art', 'Physics', 'Biology'),
(804, 284, 'Music', 'Chemistry', 'Biology', 'History'),
(805, 285, 'English', 'Physics', 'Physics', 'English'),
(809, 286, 'English', 'Physics', 'History', 'Mathematics'),
(817, 287, 'Physics', 'History', 'Geography', 'Music'),
(819, 288, 'History', 'History', 'Biology', 'English'),
(823, 289, 'Biology', 'English', 'Chemistry', 'Physics'),
(829, 290, 'Physics', 'Mathematics', 'Geography', 'Mathematics'),
(836, 291, 'History', 'Mathematics', 'Geography', 'Geography'),
(847, 292, 'Physics', 'Chemistry', 'Mathematics', 'Art'),
(860, 293, 'English', 'Music', 'Music', 'Chemistry'),
(861, 294, 'Physics', 'Art', 'Geography', 'Physics'),
(862, 295, 'Music', 'Music', 'History', 'Chemistry'),
(863, 296, 'Chemistry', 'Chemistry', 'Geography', 'Music'),
(867, 297, 'History', 'History', 'Art', 'History'),
(871, 298, 'History', 'Geography', 'English', 'Geography'),
(872, 299, 'Physics', 'English', 'Geography', 'Art'),
(875, 300, 'Biology', 'Chemistry', 'English', 'Geography'),
(876, 301, 'Mathematics', 'History', 'Geography', 'Mathematics'),
(884, 302, 'Music', 'English', 'History', 'Art'),
(885, 303, 'Music', 'Biology', 'English', 'Chemistry'),
(887, 304, 'Chemistry', 'History', 'Geography', 'Music'),
(888, 305, 'Physics', 'English', 'Chemistry', 'Mathematics'),
(889, 306, 'Physics', 'Chemistry', 'Geography', 'Mathematics'),
(898, 307, 'Geography', 'Chemistry', 'Physics', 'Geography'),
(902, 308, 'Mathematics', 'Art', 'Art', 'Physics'),
(903, 309, 'Music', 'Art', 'English', 'Mathematics'),
(907, 310, 'English', 'Biology', 'Music', 'Geography'),
(912, 311, 'History', 'Mathematics', 'Physics', 'Biology'),
(920, 312, 'Biology', 'Physics', 'Geography', 'Geography'),
(923, 313, 'Music', 'Biology', 'Geography', 'Geography'),
(925, 314, 'History', 'History', 'Art', 'Physics'),
(929, 315, 'Physics', 'English', 'Physics', 'Geography'),
(930, 316, 'History', 'Biology', 'Physics', 'Physics'),
(934, 317, 'English', 'Art', 'Mathematics', 'Mathematics'),
(937, 318, 'Physics', 'Art', 'Physics', 'Music'),
(939, 319, 'Geography', 'Physics', 'Mathematics', 'History'),
(940, 320, 'Geography', 'Physics', 'Music', 'History'),
(946, 321, 'Chemistry', 'Chemistry', 'Geography', 'History'),
(947, 322, 'Art', 'English', 'History', 'English'),
(949, 323, 'History', 'Art', 'Mathematics', 'English'),
(952, 324, 'Art', 'Chemistry', 'Chemistry', 'History'),
(957, 325, 'Art', 'Mathematics', 'History', 'Geography'),
(960, 326, 'Physics', 'English', 'Chemistry', 'Biology'),
(961, 327, 'Physics', 'Biology', 'History', 'Geography'),
(966, 328, 'Mathematics', 'Mathematics', 'Geography', 'Biology'),
(967, 329, 'Biology', 'Mathematics', 'Chemistry', 'Art'),
(968, 330, 'Music', 'Geography', 'Physics', 'Chemistry'),
(970, 331, 'Mathematics', 'Biology', 'Biology', 'Chemistry'),
(972, 332, 'History', 'Geography', 'Geography', 'Biology'),
(980, 333, 'English', 'Music', 'Biology', 'English'),
(985, 334, 'Biology', 'Chemistry', 'History', 'History'),
(992, 335, 'Geography', 'Physics', 'Mathematics', 'Music'),
(994, 336, 'Music', 'Art', 'Chemistry', 'Physics'),
(997, 337, 'Biology', 'Mathematics', 'English', 'History'),
(998, 338, 'History', 'Chemistry', 'Mathematics', 'Biology'),
(1000, 339, 'English', 'Biology', 'Biology', 'Geography');

-- --------------------------------------------------------

--
-- Table structure for table `teacher`
--

CREATE TABLE `teacher` (
  `people_id` int(11) NOT NULL,
  `id` int(11) NOT NULL,
  `salary` decimal(10,2) DEFAULT NULL,
  `subject1` varchar(100) DEFAULT NULL,
  `subject2` varchar(100) DEFAULT NULL
) ENGINE=InnoDB DEFAULT CHARSET=utf8mb4 COLLATE=utf8mb4_general_ci;

--
-- Dumping data for table `teacher`
--

INSERT INTO `teacher` (`people_id`, `id`, `salary`, `subject1`, `subject2`) VALUES
(2, 1, 47734.70, 'Music', 'Biology'),
(4, 2, 34523.01, 'Mathematics', 'Chemistry'),
(5, 3, 32976.51, 'Music', 'Physics'),
(7, 4, 30010.29, 'Biology', 'History'),
(8, 5, 53120.35, 'Biology', 'Chemistry'),
(11, 6, 53354.36, 'Mathematics', 'Chemistry'),
(13, 7, 58053.39, 'Geography', 'Biology'),
(18, 8, 36466.55, 'Chemistry', 'Physics'),
(19, 9, 38963.05, 'Music', 'Biology'),
(20, 10, 43989.39, 'Physics', 'Geography'),
(26, 11, 51418.54, 'Music', 'Music'),
(27, 12, 44606.09, 'Geography', 'English'),
(35, 13, 35419.02, 'Chemistry', 'Geography'),
(37, 14, 57592.22, 'Chemistry', 'Biology'),
(39, 15, 54715.59, 'Physics', 'Biology'),
(40, 16, 53434.11, 'Geography', 'Geography'),
(56, 17, 31953.03, 'History', 'Music'),
(57, 18, 39613.94, 'Mathematics', 'Geography'),
(65, 19, 57551.00, 'Mathematics', 'Music'),
(66, 20, 59944.24, 'History', 'Art'),
(76, 21, 46415.40, 'Music', 'Chemistry'),
(80, 22, 58094.10, 'Biology', 'History'),
(85, 23, 42475.99, 'Biology', 'Mathematics'),
(86, 24, 51936.17, 'Biology', 'Biology'),
(91, 25, 44700.01, 'Geography', 'Music'),
(94, 26, 39841.26, 'Art', 'Chemistry'),
(95, 27, 44717.83, 'Geography', 'Chemistry'),
(98, 28, 33711.16, 'Art', 'History'),
(100, 29, 42024.84, 'Mathematics', 'Geography'),
(108, 30, 41175.87, 'Music', 'Mathematics'),
(116, 31, 31711.99, 'Music', 'English'),
(117, 32, 49123.93, 'Physics', 'Physics'),
(118, 33, 56205.35, 'Music', 'Art'),
(125, 34, 30568.89, 'Mathematics', 'Art'),
(129, 35, 57388.85, 'Physics', 'Mathematics'),
(130, 36, 59282.32, 'History', 'Physics'),
(132, 37, 46583.88, 'Physics', 'Biology'),
(134, 38, 35591.08, 'Geography', 'English'),
(136, 39, 43737.89, 'Physics', 'History'),
(138, 40, 36123.83, 'English', 'Chemistry'),
(141, 41, 33518.20, 'Geography', 'Music'),
(142, 42, 54621.68, 'Physics', 'Biology'),
(145, 43, 51781.42, 'Mathematics', 'Geography'),
(148, 44, 54850.89, 'History', 'Music'),
(158, 45, 52385.76, 'History', 'English'),
(160, 46, 51397.30, 'History', 'Chemistry'),
(162, 47, 52200.12, 'Mathematics', 'Geography'),
(167, 48, 53668.96, 'Mathematics', 'Geography'),
(176, 49, 52663.43, 'Geography', 'English'),
(178, 50, 38316.81, 'Music', 'History'),
(179, 51, 56410.93, 'Mathematics', 'Geography'),
(181, 52, 47422.99, 'History', 'Geography'),
(185, 53, 50588.63, 'English', 'Mathematics'),
(188, 54, 45482.04, 'Physics', 'Physics'),
(190, 55, 50253.16, 'Art', 'Art'),
(191, 56, 37524.57, 'Biology', 'Mathematics'),
(197, 57, 40653.79, 'Geography', 'Physics'),
(204, 58, 31381.34, 'Biology', 'Mathematics'),
(221, 59, 31330.76, 'History', 'Geography'),
(223, 60, 59522.12, 'Biology', 'History'),
(225, 61, 46541.66, 'History', 'Art'),
(228, 62, 49522.68, 'Biology', 'Chemistry'),
(236, 63, 30917.80, 'English', 'Chemistry'),
(237, 64, 42151.39, 'English', 'Biology'),
(238, 65, 35800.53, 'English', 'Music'),
(241, 66, 47628.60, 'English', 'English'),
(253, 67, 42671.39, 'Geography', 'English'),
(256, 68, 37671.37, 'Geography', 'English'),
(257, 69, 52711.14, 'History', 'Art'),
(258, 70, 40727.57, 'Biology', 'Chemistry'),
(261, 71, 46381.18, 'Chemistry', 'English'),
(262, 72, 40588.47, 'English', 'English'),
(263, 73, 55136.20, 'History', 'Art'),
(265, 74, 41496.92, 'English', 'Geography'),
(267, 75, 35434.59, 'Music', 'Physics'),
(268, 76, 43992.13, 'Biology', 'Music'),
(271, 77, 45880.37, 'English', 'Art'),
(273, 78, 45531.12, 'English', 'Chemistry'),
(281, 79, 40653.25, 'English', 'Chemistry'),
(284, 80, 58535.87, 'Chemistry', 'Music'),
(289, 81, 49638.61, 'Music', 'Biology'),
(293, 82, 33143.35, 'Mathematics', 'Geography'),
(297, 83, 56195.61, 'Mathematics', 'Music'),
(306, 84, 58021.90, 'English', 'Chemistry'),
(312, 85, 34155.34, 'Art', 'Art'),
(317, 86, 30659.41, 'Physics', 'Biology'),
(323, 87, 57595.28, 'Mathematics', 'Chemistry'),
(325, 88, 59383.18, 'Mathematics', 'Biology'),
(326, 89, 55616.28, 'Art', 'Mathematics'),
(328, 90, 38497.11, 'Geography', 'Art'),
(330, 91, 40967.25, 'Geography', 'Chemistry'),
(332, 92, 54347.14, 'Biology', 'Chemistry'),
(337, 93, 52979.26, 'Music', 'Art'),
(338, 94, 58958.94, 'Art', 'Biology'),
(344, 95, 42516.51, 'Physics', 'Art'),
(345, 96, 30589.12, 'History', 'Chemistry'),
(349, 97, 58638.81, 'English', 'Geography'),
(350, 98, 46518.46, 'Music', 'Geography'),
(352, 99, 31634.02, 'English', 'Geography'),
(353, 100, 44181.01, 'English', 'History'),
(357, 101, 32116.55, 'Physics', 'Physics'),
(359, 102, 50319.92, 'Physics', 'Chemistry'),
(361, 103, 55301.85, 'Chemistry', 'Art'),
(364, 104, 32534.06, 'Biology', 'Music'),
(366, 105, 56090.81, 'Music', 'Mathematics'),
(368, 106, 53384.38, 'Biology', 'Music'),
(370, 107, 54075.06, 'Music', 'Physics'),
(376, 108, 40212.49, 'Chemistry', 'Music'),
(378, 109, 35690.61, 'Physics', 'Mathematics'),
(379, 110, 38108.79, 'Chemistry', 'Chemistry'),
(380, 111, 44750.28, 'Chemistry', 'Art'),
(381, 112, 55291.84, 'Chemistry', 'Mathematics'),
(385, 113, 53357.40, 'History', 'Biology'),
(395, 114, 56710.34, 'Biology', 'Mathematics'),
(398, 115, 47686.96, 'Biology', 'Art'),
(399, 116, 51544.46, 'Chemistry', 'Biology'),
(400, 117, 41641.38, 'Geography', 'Chemistry'),
(401, 118, 58133.85, 'Physics', 'Mathematics'),
(404, 119, 50665.20, 'English', 'Chemistry'),
(405, 120, 30779.93, 'Mathematics', 'Mathematics'),
(415, 121, 56884.41, 'Geography', 'English'),
(416, 122, 53032.75, 'Art', 'Mathematics'),
(417, 123, 40204.74, 'Physics', 'Chemistry'),
(418, 124, 58340.61, 'Chemistry', 'Chemistry'),
(422, 125, 57016.20, 'English', 'Geography'),
(428, 126, 42350.93, 'Art', 'Music'),
(429, 127, 38181.76, 'Physics', 'Biology'),
(430, 128, 59389.90, 'Chemistry', 'Art'),
(432, 129, 50178.73, 'Biology', 'Mathematics'),
(435, 130, 49871.94, 'Music', 'Biology'),
(444, 131, 45061.34, 'Biology', 'Biology'),
(453, 132, 51591.20, 'Art', 'Music'),
(454, 133, 50240.88, 'Music', 'History'),
(457, 134, 33507.57, 'Physics', 'English'),
(464, 135, 46146.17, 'Mathematics', 'English'),
(465, 136, 38951.81, 'Art', 'Geography'),
(469, 137, 50703.17, 'Art', 'Physics'),
(471, 138, 43883.20, 'Physics', 'Music'),
(473, 139, 54972.22, 'Mathematics', 'History'),
(474, 140, 32780.57, 'Art', 'Physics'),
(477, 141, 35699.74, 'Mathematics', 'Physics'),
(483, 142, 52696.86, 'Mathematics', 'Physics'),
(487, 143, 57294.42, 'English', 'Geography'),
(488, 144, 31993.39, 'Art', 'Music'),
(489, 145, 58181.70, 'Mathematics', 'Chemistry'),
(494, 146, 50621.47, 'Chemistry', 'Biology'),
(495, 147, 52814.18, 'History', 'Mathematics'),
(498, 148, 42302.88, 'Chemistry', 'Chemistry'),
(499, 149, 58829.46, 'Art', 'Mathematics'),
(504, 150, 55208.81, 'Biology', 'Physics'),
(505, 151, 45350.05, 'Chemistry', 'Mathematics'),
(506, 152, 42945.23, 'Chemistry', 'Biology'),
(509, 153, 39427.57, 'Geography', 'Mathematics'),
(512, 154, 37271.49, 'Geography', 'History'),
(515, 155, 59903.55, 'History', 'English'),
(516, 156, 46034.45, 'Physics', 'Geography'),
(521, 157, 39701.67, 'Music', 'Music'),
(522, 158, 40819.48, 'Music', 'Music'),
(526, 159, 59259.09, 'Mathematics', 'Mathematics'),
(527, 160, 37546.66, 'Physics', 'Physics'),
(528, 161, 32864.10, 'Geography', 'Biology'),
(531, 162, 51092.01, 'History', 'English'),
(532, 163, 58911.36, 'English', 'Biology'),
(534, 164, 49001.20, 'English', 'Biology'),
(536, 165, 36745.79, 'Music', 'Music'),
(537, 166, 33864.63, 'Music', 'History'),
(540, 167, 57563.38, 'Biology', 'Physics'),
(541, 168, 51177.46, 'History', 'Mathematics'),
(542, 169, 56108.31, 'Mathematics', 'Geography'),
(544, 170, 56421.38, 'Music', 'History'),
(551, 171, 51538.60, 'Physics', 'Physics'),
(555, 172, 32325.09, 'Biology', 'Music'),
(556, 173, 41975.01, 'English', 'Physics'),
(557, 174, 30027.95, 'Chemistry', 'English'),
(563, 175, 34692.54, 'English', 'Music'),
(566, 176, 45359.99, 'Physics', 'Music'),
(569, 177, 37456.74, 'Music', 'History'),
(570, 178, 45309.09, 'Geography', 'English'),
(574, 179, 41272.56, 'Physics', 'Geography'),
(581, 180, 55949.15, 'Chemistry', 'Chemistry'),
(584, 181, 49327.52, 'History', 'English'),
(585, 182, 30270.46, 'English', 'History'),
(590, 183, 39036.72, 'English', 'Biology'),
(591, 184, 45444.64, 'History', 'Mathematics'),
(598, 185, 51496.59, 'Biology', 'Physics'),
(601, 186, 46595.53, 'Biology', 'Music'),
(602, 187, 44744.80, 'Mathematics', 'Chemistry'),
(607, 188, 33487.99, 'Biology', 'Chemistry'),
(608, 189, 57140.98, 'English', 'English'),
(609, 190, 56252.67, 'Art', 'Biology'),
(611, 191, 45771.48, 'History', 'Biology'),
(624, 192, 52162.44, 'Geography', 'History'),
(625, 193, 44390.98, 'Physics', 'Biology'),
(626, 194, 37107.82, 'Music', 'Physics'),
(628, 195, 53726.11, 'Physics', 'English'),
(636, 196, 50613.06, 'English', 'Music'),
(637, 197, 50618.30, 'Art', 'Biology'),
(640, 198, 55949.17, 'Biology', 'Art'),
(643, 199, 40861.84, 'Geography', 'Geography'),
(651, 200, 46096.66, 'Geography', 'History'),
(656, 201, 39450.95, 'Physics', 'Music'),
(664, 202, 47656.89, 'Physics', 'History'),
(674, 203, 37170.74, 'Music', 'Art'),
(675, 204, 51274.40, 'English', 'Biology'),
(676, 205, 32932.79, 'Biology', 'Physics'),
(677, 206, 41779.11, 'Biology', 'Art'),
(682, 207, 44653.71, 'English', 'Mathematics'),
(689, 208, 55881.52, 'Art', 'English'),
(695, 209, 51879.37, 'Biology', 'Mathematics'),
(698, 210, 43307.28, 'History', 'Mathematics'),
(702, 211, 41507.14, 'Geography', 'Chemistry'),
(704, 212, 49908.45, 'Mathematics', 'Art'),
(705, 213, 37915.20, 'Mathematics', 'Music'),
(706, 214, 53932.86, 'Chemistry', 'Mathematics'),
(710, 215, 59938.30, 'Mathematics', 'Geography'),
(713, 216, 43313.56, 'English', 'Physics'),
(719, 217, 56522.58, 'Biology', 'Physics'),
(720, 218, 39239.78, 'Geography', 'Chemistry'),
(721, 219, 59164.43, 'History', 'Art'),
(731, 220, 43444.76, 'Music', 'Geography'),
(732, 221, 32778.12, 'Chemistry', 'English'),
(736, 222, 30919.61, 'Music', 'History'),
(746, 223, 56696.13, 'Physics', 'History'),
(751, 224, 39960.51, 'Chemistry', 'Geography'),
(754, 225, 45836.00, 'Physics', 'Mathematics'),
(755, 226, 43602.47, 'Geography', 'Mathematics'),
(757, 227, 54885.59, 'Art', 'Chemistry'),
(760, 228, 41392.75, 'Music', 'Art'),
(766, 229, 55196.61, 'Art', 'Biology'),
(767, 230, 47524.41, 'Physics', 'English'),
(769, 231, 55170.14, 'Physics', 'Music'),
(778, 232, 54800.98, 'Art', 'English'),
(779, 233, 59084.28, 'Art', 'Chemistry'),
(785, 234, 43137.07, 'Art', 'Biology'),
(786, 235, 41114.95, 'Art', 'Chemistry'),
(790, 236, 41858.38, 'Music', 'History'),
(798, 237, 34814.28, 'Physics', 'Geography'),
(799, 238, 57335.50, 'Physics', 'Physics'),
(800, 239, 44164.20, 'Chemistry', 'Physics'),
(808, 240, 37393.84, 'Physics', 'Mathematics'),
(811, 241, 52669.22, 'English', 'History'),
(814, 242, 57388.07, 'Chemistry', 'Mathematics'),
(815, 243, 32383.90, 'Art', 'Chemistry'),
(816, 244, 42421.88, 'English', 'Mathematics'),
(818, 245, 40892.27, 'Art', 'Chemistry'),
(820, 246, 59966.21, 'Geography', 'Geography'),
(821, 247, 41475.68, 'English', 'Geography'),
(825, 248, 57502.93, 'History', 'History'),
(826, 249, 32339.57, 'Art', 'Chemistry'),
(827, 250, 35399.98, 'Art', 'English'),
(828, 251, 31233.39, 'Physics', 'Physics'),
(833, 252, 49733.87, 'Art', 'Physics'),
(834, 253, 49582.42, 'Mathematics', 'Biology'),
(837, 254, 38586.77, 'Chemistry', 'Music'),
(838, 255, 56148.62, 'Physics', 'History'),
(840, 256, 31222.04, 'Mathematics', 'Chemistry'),
(843, 257, 36055.49, 'Chemistry', 'Physics'),
(844, 258, 58945.88, 'Mathematics', 'English'),
(845, 259, 42409.95, 'English', 'Chemistry'),
(846, 260, 36840.43, 'Physics', 'History'),
(850, 261, 36051.49, 'Art', 'English'),
(854, 262, 38036.42, 'Music', 'Mathematics'),
(856, 263, 43675.31, 'Geography', 'Geography'),
(857, 264, 55052.12, 'English', 'Mathematics'),
(858, 265, 59451.27, 'Geography', 'English'),
(865, 266, 36897.97, 'Art', 'Music'),
(866, 267, 54244.00, 'Music', 'English'),
(878, 268, 51700.53, 'Mathematics', 'English'),
(886, 269, 51990.65, 'Chemistry', 'Art'),
(890, 270, 30907.38, 'Chemistry', 'English'),
(893, 271, 34884.77, 'Physics', 'Geography'),
(897, 272, 53439.15, 'Physics', 'Music'),
(900, 273, 46497.26, 'Mathematics', 'Art'),
(901, 274, 45732.56, 'Biology', 'Chemistry'),
(908, 275, 33836.14, 'Music', 'Art'),
(909, 276, 58999.37, 'Biology', 'English'),
(910, 277, 33497.08, 'Mathematics', 'Biology'),
(911, 278, 54316.67, 'Geography', 'Art'),
(914, 279, 54565.97, 'English', 'Art'),
(915, 280, 56816.28, 'Geography', 'Geography'),
(916, 281, 54066.42, 'History', 'Chemistry'),
(917, 282, 39883.50, 'History', 'Chemistry'),
(919, 283, 56400.27, 'History', 'Physics'),
(921, 284, 58277.41, 'Geography', 'Music'),
(924, 285, 50006.32, 'Physics', 'History'),
(926, 286, 35874.25, 'Biology', 'Chemistry'),
(932, 287, 45905.92, 'History', 'Biology'),
(933, 288, 41975.83, 'Biology', 'Music'),
(935, 289, 36104.99, 'Chemistry', 'Mathematics'),
(936, 290, 42764.43, 'English', 'Music'),
(942, 291, 55653.74, 'Mathematics', 'History'),
(950, 292, 35411.11, 'English', 'Geography'),
(951, 293, 46085.58, 'English', 'Art'),
(958, 294, 42265.69, 'Art', 'Biology'),
(959, 295, 43037.75, 'English', 'Geography'),
(962, 296, 43775.79, 'English', 'English'),
(969, 297, 58558.20, 'Biology', 'History'),
(974, 298, 50722.03, 'Mathematics', 'Art'),
(975, 299, 57448.01, 'Music', 'English'),
(976, 300, 30562.09, 'Music', 'Chemistry'),
(977, 301, 47019.28, 'Art', 'Geography'),
(981, 302, 50536.70, 'Art', 'Physics'),
(982, 303, 58681.07, 'English', 'History'),
(984, 304, 34456.52, 'Biology', 'History'),
(987, 305, 34628.35, 'English', 'Physics'),
(988, 306, 43665.55, 'Physics', 'Music'),
(989, 307, 30660.56, 'Chemistry', 'History'),
(995, 308, 39869.23, 'History', 'Geography'),
(996, 309, 52945.97, 'English', 'Art');

--
-- Indexes for dumped tables
--

--
-- Indexes for table `admin`
--
ALTER TABLE `admin`
  ADD PRIMARY KEY (`id`),
  ADD KEY `admin_ibfk_1` (`people_id`);

--
-- Indexes for table `people`
--
ALTER TABLE `people`
  ADD PRIMARY KEY (`people_id`);

--
-- Indexes for table `student`
--
ALTER TABLE `student`
  ADD PRIMARY KEY (`id`),
  ADD KEY `student_ibfk_1` (`people_id`);

--
-- Indexes for table `teacher`
--
ALTER TABLE `teacher`
  ADD PRIMARY KEY (`id`),
  ADD KEY `teacher_ibfk_1` (`people_id`);

--
-- AUTO_INCREMENT for dumped tables
--

--
-- AUTO_INCREMENT for table `admin`
--
ALTER TABLE `admin`
  MODIFY `id` int(11) NOT NULL AUTO_INCREMENT, AUTO_INCREMENT=353;

--
-- AUTO_INCREMENT for table `people`
--
ALTER TABLE `people`
  MODIFY `people_id` int(11) NOT NULL AUTO_INCREMENT, AUTO_INCREMENT=1001;

--
-- AUTO_INCREMENT for table `student`
--
ALTER TABLE `student`
  MODIFY `id` int(11) NOT NULL AUTO_INCREMENT, AUTO_INCREMENT=340;

--
-- AUTO_INCREMENT for table `teacher`
--
ALTER TABLE `teacher`
  MODIFY `id` int(11) NOT NULL AUTO_INCREMENT, AUTO_INCREMENT=310;

--
-- Constraints for dumped tables
--

--
-- Constraints for table `admin`
--
ALTER TABLE `admin`
  ADD CONSTRAINT `admin_ibfk_1` FOREIGN KEY (`people_id`) REFERENCES `people` (`people_id`) ON DELETE CASCADE;

--
-- Constraints for table `student`
--
ALTER TABLE `student`
  ADD CONSTRAINT `student_ibfk_1` FOREIGN KEY (`people_id`) REFERENCES `people` (`people_id`) ON DELETE CASCADE;

--
-- Constraints for table `teacher`
--
ALTER TABLE `teacher`
  ADD CONSTRAINT `teacher_ibfk_1` FOREIGN KEY (`people_id`) REFERENCES `people` (`people_id`) ON DELETE CASCADE;
COMMIT;

/*!40101 SET CHARACTER_SET_CLIENT=@OLD_CHARACTER_SET_CLIENT */;
/*!40101 SET CHARACTER_SET_RESULTS=@OLD_CHARACTER_SET_RESULTS */;
/*!40101 SET COLLATION_CONNECTION=@OLD_COLLATION_CONNECTION */;
